"id","created_at","sex","age","default_language_en","waiting_list_time","black_and_white_design","follow_reco","follow_reco_above_50p"
"27a9f430a1553756",2023-04-18,"0",53,TRUE,19.2,TRUE,50.6623810358577,TRUE
"130fe8d8785ef27a",2023-07-31,"0",48,TRUE,15,FALSE,36.2882453226716,FALSE
"537c009ba0e50f64",2023-05-13,"0",52,TRUE,22.8,FALSE,58.3658564877163,TRUE
"aeec10edaf1ede92",2023-10-14,"0",52,TRUE,13.2,TRUE,48.9466533042877,FALSE
"dac750c5dbea2d0a",2023-07-24,"0",46,TRUE,24.8,TRUE,54.193981660904,TRUE
"548606eeaebfdaa1",2023-06-30,"0",50,TRUE,19.1,TRUE,47.311772760421,FALSE
"99998c2bb2fce339",2023-04-18,"0",48,TRUE,25.6,TRUE,61.2591062555918,TRUE
"780dbe561635e89c",2023-07-06,"0",52,TRUE,17.7,TRUE,46.2753858497141,FALSE
"3664ab10e9a83382",2023-03-24,"0",44,TRUE,16.3,TRUE,44.7577188990802,FALSE
"15180a7719ddedd4",2023-05-28,"0",56,TRUE,21.7,TRUE,61.4088279350363,TRUE
"f453c148382f9710",2023-08-12,"0",55,TRUE,21.2,TRUE,60.8850293591312,TRUE
"d1c4e98cca5e44d8",2023-06-18,"0",47,TRUE,20.9,TRUE,47.2550076511323,FALSE
"7c3788bb0228fe42",2023-03-20,"0",47,FALSE,20.2,TRUE,46.3308703657815,FALSE
"53fdf948999b535c",2023-05-28,"0",46,TRUE,19.5,TRUE,43.5839422138643,FALSE
"74cd06aa90d2cec4",2023-12-08,"0",49,TRUE,26.1,TRUE,66.598694193678,TRUE
"2d88196168d317a1",2023-06-17,"0",48,TRUE,24.7,TRUE,57.1113918938836,TRUE
"a0de49d114ee8fe3",2023-03-05,"0",50,TRUE,16.8,TRUE,44.7379487447786,FALSE
"6fd28d36584de240",2023-09-28,"0",42,TRUE,27.4,FALSE,56.3976820621556,TRUE
"ff4e81e25159dc0e",2023-11-14,"0",51,TRUE,20.1,FALSE,52.1784440527691,TRUE
"3d678412bce7e904",2023-03-24,"0",50,TRUE,15.8,FALSE,42.6664173092402,FALSE
"c0d1501c42d886a7",2023-08-05,"0",44,TRUE,20.6,TRUE,43.3813066990103,FALSE
"ad890164807009d2",2023-07-14,"0",51,TRUE,18.9,TRUE,50.9371848174619,TRUE
"1373ef086d88ae2c",2023-12-17,"0",50,TRUE,20.8,TRUE,52.0000388657658,TRUE
"57604facee67b974",2023-07-24,"0",49,TRUE,14.2,TRUE,38.2170429098163,FALSE
"06ab84ce1bd23bde",2023-06-17,"0",50,TRUE,15.4,TRUE,39.8235704278467,FALSE
"38b732dc5ec933f0",2023-09-13,"0",52,TRUE,26.8,TRUE,66.3534507346282,TRUE
"db82055278004831_test",2023-03-04,"0",18,FALSE,0,FALSE,0,FALSE
"6885a68482fec7aa",2023-10-12,"0",48,FALSE,15.5,FALSE,37.2127761827175,FALSE
"b5e10c3d82cbd53d",2023-10-01,"0",55,TRUE,14.9,TRUE,45.0479709964602,FALSE
"cbf0bf0a7303faa6",2023-10-31,"0",50,TRUE,28.2,TRUE,69.5644831164736,TRUE
"1dcad53d573a810f",2023-06-22,"0",49,TRUE,24.1,FALSE,70.7289833801718,TRUE
"70adee7a43ad3562",2023-11-17,"0",54,TRUE,10.2,TRUE,45.3855552907287,FALSE
"3dbe1d6be1274afd",2023-07-08,"0",54,TRUE,13.7,TRUE,42.0890557673662,FALSE
"bcfcbfb168fb3ab7",2023-03-03,"0",47,TRUE,32.8,TRUE,74.3044650760132,TRUE
"e141bd7a9039998c",2023-11-13,"0",46,FALSE,20.9,FALSE,49.1845138849114,FALSE
"d0f07782fca05585",2023-09-02,"0",47,TRUE,21.5,FALSE,49.4814549779909,FALSE
"4d0ef18b8d3090d6",2023-07-16,"0",45,TRUE,20.7,TRUE,43.0962076481212,FALSE
"977a8570b9480104",2023-04-09,"0",43,TRUE,26.7,FALSE,57.2238817636688,TRUE
"ada9100c846d55a6",2023-03-05,"0",51,TRUE,19.5,TRUE,50.1829966365488,TRUE
"5af509280d85d616",2023-04-02,"0",49,TRUE,27.1,TRUE,64.565103419117,TRUE
"05d75224abad8712",2023-06-11,"0",53,TRUE,18.7,TRUE,50.6463625920099,TRUE
"82f94f5d3564d8f3",2023-10-14,"0",50,TRUE,22.6,FALSE,53.9251218700138,TRUE
"7e2587cbdc513ebf",2023-06-17,"0",52,TRUE,14.9,TRUE,39.6879480992818,FALSE
"39fc2d1c24a13523",2023-08-04,"0",48,TRUE,20.8,TRUE,49.6308958013854,FALSE
"16c059b4e35563b5",2023-05-15,"0",46,TRUE,25.9,TRUE,58.8700195236176,TRUE
"46b60737e03ce27b",2023-11-20,"0",53,FALSE,14.4,TRUE,51.86390840031,TRUE
"cb4e70ef3a07564a",2023-04-04,"0",53,TRUE,26.9,TRUE,66.9861831242946,TRUE
"9f7ad3aa7b45dbc8",2023-10-07,"0",43,TRUE,33.4,TRUE,72.2711579199106,TRUE
"95b522c135b22934",2023-03-16,"0",54,TRUE,25.4,TRUE,65.8996852789903,TRUE
"a14c7c95f33fc94e",2023-10-06,"0",43,TRUE,18.3,TRUE,38.1522268512259,FALSE
"f8f9225330835c77",2023-11-03,"0",50,TRUE,21.5,TRUE,50.8984751583288,TRUE
"e7a48e81fed7bdd3",2023-06-26,"0",48,TRUE,18.2,TRUE,42.8002965369751,FALSE
"929154b38be7f01e",2023-07-08,"0",49,TRUE,30.7,TRUE,73.2697776787694,TRUE
"f7cafad8e3fc406c",2023-05-21,"0",54,TRUE,4.1,TRUE,22.8761208892958,FALSE
"a1f1d6b851fc5b2e",2023-06-18,"0",45,TRUE,20.2,TRUE,44.7625843355511,FALSE
"3195df595c8f05aa",2023-07-27,"0",49,TRUE,20.4,TRUE,49.5824441467799,FALSE
"9ed56a030ae494e6",2023-04-26,"0",60,TRUE,21.8,FALSE,64.132556194539,TRUE
"5e232ccdc5f3eaef",2023-06-08,"0",44,TRUE,7.4,TRUE,25.8021581698436,FALSE
"46b71f01475b6d75",2023-05-30,"0",47,TRUE,20.2,TRUE,49.1699854739711,FALSE
"c425c2461dea6bb7",2023-11-24,"0",50,TRUE,21.1,TRUE,51.3228036512829,TRUE
"bc01b736cf47482c",2023-08-28,"0",51,TRUE,25.8,FALSE,65.1819811021908,TRUE
"6424dcd1e05f146a",2023-04-23,"0",48,TRUE,21.8,TRUE,53.6025568680477,TRUE
"5e4324de723f9a0f",2023-12-13,"0",49,TRUE,26,TRUE,61.1632788649393,TRUE
"705fe82881ee88a7",2023-09-24,"0",54,TRUE,15.5,TRUE,43.5703049226737,FALSE
"ca378c3a585cb90d",2023-11-01,"0",49,TRUE,19.2,TRUE,48.1664300186811,FALSE
"12c137989c52e5b0",2023-04-29,"0",51,TRUE,21.7,TRUE,53.7423978297761,TRUE
"17da168859a2b707",2023-12-10,"0",51,TRUE,21.2,TRUE,54.4850637665179,TRUE
"df77c11923e1060c",2023-06-16,"0",52,TRUE,15.7,TRUE,44.8754374167806,FALSE
"5410fa9e5f88ccb8",2023-07-04,"0",52,TRUE,22.9,FALSE,69.8992714542303,TRUE
"f90cb586b83842e0",2023-06-20,"0",50,FALSE,11.6,TRUE,43.8606016045752,FALSE
"705d675961bda4c0",2023-05-11,"0",47,TRUE,12,TRUE,29.6060610897794,FALSE
"f91b53991fa50877",2023-12-10,"0",50,TRUE,21.6,TRUE,55.4302650635786,TRUE
"2b48f53a78847f24",2023-03-01,"0",46,TRUE,22.7,TRUE,54.3445721072736,TRUE
"82306edb716dad89",2023-07-19,"0",50,TRUE,24.9,TRUE,60.3529557915176,TRUE
"5bbdc7d973122f15",2023-09-22,"0",49,TRUE,14.8,TRUE,37.513371270018,FALSE
"52706809707a311b",2023-04-11,"0",50,TRUE,18.5,TRUE,46.3719029635444,FALSE
"fd4eccc109035998",2023-04-11,"0",46,TRUE,13.7,FALSE,31.2126388394812,FALSE
"de74a6ffbfd0b412",2023-11-03,"0",49,TRUE,22.9,TRUE,58.5153523442441,TRUE
"61165fa0ba41dcc9",2023-11-06,"0",46,TRUE,21.3,FALSE,49.5517168299236,FALSE
"3be7c68301de7229",2023-08-04,"0",48,FALSE,20.3,FALSE,58.4056156434002,TRUE
"4baaa0bd29f0f4f0",2023-03-25,"0",52,TRUE,23,FALSE,58.9317138696837,TRUE
"4435f1de6be68e0e",2023-09-07,"0",51,TRUE,16.1,TRUE,43.0148364587794,FALSE
"1493eab895c7e210",2023-04-01,"0",54,TRUE,20.9,FALSE,54.5837270337251,TRUE
"d22177fefc01fea9",2023-10-24,"0",52,TRUE,5.5,TRUE,33.3609645869947,FALSE
"33f238984ec3840e",2023-03-14,"0",50,TRUE,22.1,TRUE,56.073928719981,TRUE
"d0d6671d2c85c64a",2023-06-19,"0",54,TRUE,24.5,FALSE,66.0080166610862,TRUE
"6119d9d471e4f02e",2023-11-17,"0",55,TRUE,10.6,TRUE,46.7816259841106,FALSE
"7a18c9aa3de419c9",2023-09-24,"0",44,TRUE,9.7,TRUE,21.2329909889164,FALSE
"f2c143419325cacc",2023-11-01,"0",54,TRUE,12,TRUE,38.1646744818289,FALSE
"e4177d7cb58e19e5",2023-10-28,"0",53,TRUE,14.8,TRUE,41.5162731078496,FALSE
"d2d1ad6e44f78352",2023-12-12,"0",54,TRUE,25.3,TRUE,68.9148880455148,TRUE
"d26cade1ee0c9313",2023-10-10,"0",46,FALSE,16,TRUE,46.0233516587749,FALSE
"bfbbc6a10fa6fc3d",2023-11-17,"0",60,TRUE,9.2,TRUE,47.3184726816528,FALSE
"f64c87bd7e3d17a3",2023-09-30,"0",40,TRUE,17.5,TRUE,44.6187813974984,FALSE
"01d43867d5cacc85",2023-12-19,"0",50,TRUE,9,TRUE,26.1827410872525,FALSE
"b80a166e221b95ca",2023-06-03,"0",50,TRUE,18.1,TRUE,47.8149370818232,FALSE
"6bdfa27899a25fb5",2023-03-06,"0",49,TRUE,25.1,TRUE,60.602135221308,TRUE
"84684fd42ad4a1ec",2023-11-07,"0",53,FALSE,13.4,TRUE,50.9794413242805,TRUE
"6a17880cd76141ac",2023-11-26,"0",50,TRUE,25.5,FALSE,64.5653087266365,TRUE
"12ef2d59451c915f",2023-04-03,"0",47,TRUE,29.3,TRUE,65.9146365359506,TRUE
"e6a3b5627d4cd798",2023-09-04,"0",56,TRUE,14.6,FALSE,43.8940063017875,FALSE
"3e8257a99c725a94",2023-11-09,"0",49,TRUE,14.3,TRUE,35.8570705608239,FALSE
"c20bc7cb4dfa7be9",2023-11-23,"0",52,TRUE,15,TRUE,43.4279063499721,FALSE
"50a60a6ba2378e87",2023-07-06,"0",47,TRUE,23,TRUE,53.5186838135198,TRUE
"82982375dc9026cf",2023-04-10,"0",46,TRUE,19.1,TRUE,54.63505347007,TRUE
"b1f43d2a0d4da4bb",2023-09-09,"0",48,TRUE,21.9,TRUE,58.9212948207629,TRUE
"4ef6b23e5bd70c0d_test",2023-05-05,"0",18,FALSE,0,FALSE,0,FALSE
"c8e85fab12cea19a",2023-07-30,"0",52,TRUE,26.3,TRUE,64.0269490373691,TRUE
"a3085786edb91982",2023-06-06,"0",44,TRUE,24.4,TRUE,52.7064982237155,TRUE
"f2816cf95e0d57fa",2023-03-25,"0",46,TRUE,16.4,TRUE,46.9513092513324,FALSE
"ba3c6cbeb3e55351",2023-06-15,"0",50,TRUE,16,TRUE,38.9684092658642,FALSE
"765fc1bada3e2f0e",2023-03-14,"0",43,TRUE,11.7,TRUE,33.0981228237158,FALSE
"27cbd7c8101b7a3c",2023-08-09,"0",48,TRUE,22.9,TRUE,50.2409865659722,TRUE
"4cce0a47be36282d",2023-07-02,"0",49,TRUE,29,TRUE,69.6942530818475,TRUE
"f978ff5c3573dfd6",2023-09-10,"0",55,TRUE,29.1,TRUE,75.7735618674769,TRUE
"2ab4d9d291130564",2023-06-03,"0",49,TRUE,6.1,TRUE,27.5698362361596,FALSE
"0cc8ac4063d477e4",2023-04-01,"0",48,TRUE,15.5,TRUE,36.4241033214686,FALSE
"095165e3b56f846d",2023-09-01,"0",47,TRUE,27.4,FALSE,62.1602288734313,TRUE
"64dbd9bf67b2bb13",2023-12-09,"0",52,TRUE,10.3,FALSE,41.2618851355104,FALSE
"d70fe23676043fdd",2023-06-26,"0",49,TRUE,11,TRUE,31.4954766295198,FALSE
"edbebacacd142d9c",2023-04-06,"0",48,TRUE,23.6,TRUE,54.4418755194971,TRUE
"4ffdf07d1c204bdc",2023-07-16,"0",49,TRUE,28.1,TRUE,69.1302314083644,TRUE
"edfefee4a8964cff",2023-11-16,"0",54,FALSE,28.9,TRUE,74.5816025636998,TRUE
"be9c83583eeb8141",2023-04-04,"0",56,FALSE,17.6,TRUE,62.2841525871907,TRUE
"d7b6f6c7a1085d72",2023-05-17,"0",47,TRUE,17.7,TRUE,54.8102174658998,TRUE
"98b6f34111e70f08",2023-03-14,"0",50,TRUE,22.4,TRUE,56.4088353558384,TRUE
"89b9f2b3d93eebcf",2023-08-03,"0",49,FALSE,15.3,TRUE,47.7125264812731,FALSE
"6ed3fe2b3e7c45a3",2023-06-05,"0",57,TRUE,3.2,TRUE,23.0242171245897,FALSE
"bf86f0c39e7658a6",2023-10-15,"0",52,FALSE,24.4,FALSE,59.1608070997941,TRUE
"afcd88b651b7ed40",2023-08-29,"0",43,TRUE,13.2,TRUE,36.1351855170087,FALSE
"bdc020672ff7fef7",2023-07-05,"0",48,FALSE,19.2,TRUE,60.629109925352,TRUE
"49ad0de5db2bfb50",2023-12-12,"0",41,TRUE,16.3,FALSE,32.9904468001569,FALSE
"d06d5c6d09a7f671",2023-04-12,"0",50,TRUE,11.9,TRUE,30.0557102292741,FALSE
"52ce0d58c9c6f5b8",2023-08-27,"0",53,TRUE,26,FALSE,67.9002268244701,TRUE
"371564da4e7d59db",2023-03-27,"0",46,TRUE,21.4,TRUE,48.0671639780855,FALSE
"af994cadd193029d",2023-03-30,"0",45,TRUE,37.6,FALSE,80.9613926335735,TRUE
"7804807c6d01778e",2023-08-27,"0",55,TRUE,24,TRUE,66.458851236986,TRUE
"b3ebd824984d5f2d",2023-09-28,"0",46,TRUE,25,TRUE,57.7963423996532,TRUE
"a31972cf87e0fcfc",2023-05-14,"0",54,TRUE,24.3,TRUE,61.7643379394917,TRUE
"56561bdb382b235d",2023-09-17,"0",51,TRUE,16.5,FALSE,44.9099641227444,FALSE
"74f4efd2cbd92c6c",2023-05-01,"0",54,TRUE,12.4,TRUE,48.9184512511812,FALSE
"d7e31b772e14d039",2023-11-24,"0",54,TRUE,25.6,TRUE,67.0000281877495,TRUE
"eafa7544bf711745",2023-07-02,"0",55,FALSE,20.4,TRUE,66.0947445292025,TRUE
"dd75be3292862dd8",2023-05-02,"0",55,TRUE,22.5,TRUE,61.9699203791465,TRUE
"f13f40aa218bf7bd",2023-04-18,"0",51,TRUE,10,TRUE,39.52395007325,FALSE
"5d30ecbf59c4cedf",2023-04-30,"0",51,TRUE,28.5,TRUE,70.0529601999201,TRUE
"018d9469b1efe1a1",2023-06-24,"0",46,TRUE,12.8,TRUE,30.2344311371336,FALSE
"ddefe532b751331b",2023-11-12,"0",45,TRUE,18,TRUE,39.9232217813447,FALSE
"dbbe569d0a4e40c8",2023-03-28,"0",48,FALSE,26.3,TRUE,73.3063417511276,TRUE
"610f761aac83c6e9",2023-03-02,"0",49,FALSE,17.4,TRUE,55.1088853956031,TRUE
"c444f9b15ecb5133",2023-08-06,"0",46,TRUE,25.2,TRUE,55.8479018527863,TRUE
"267d1431a7638591",2023-07-14,"0",53,TRUE,21.7,TRUE,58.5399068136618,TRUE
"2344d10488060b43",2023-07-05,"0",47,TRUE,14.2,TRUE,35.8173486157911,FALSE
"8cfd68cfcb0105f2",2023-09-24,"0",51,TRUE,16.9,TRUE,45.0450400547607,FALSE
"e767f936ab0cf575",2023-11-14,"0",53,TRUE,20,TRUE,56.4145329736355,TRUE
"28cbf6fb854c18a3",2023-10-15,"0",45,TRUE,5.1,FALSE,12.913106174989,FALSE
"3a980ae7bc98e3aa",2023-11-24,"0",54,TRUE,10.4,TRUE,46.2627276949916,FALSE
"a2721297e22b4152",2023-03-12,"0",42,TRUE,25.6,TRUE,49.9736075910294,FALSE
"0b90cabceb590e7c",2023-09-09,"0",51,TRUE,13.8,TRUE,45.9286303144703,FALSE
"f0b3bb2a90c6f713",2023-08-05,"0",56,TRUE,18.8,TRUE,54.4813939877279,TRUE
"2f49b588a5aeccc7",2023-04-20,"0",52,TRUE,24.4,TRUE,62.3855773777043,TRUE
"67e7834820bc66aa",2023-08-12,"0",54,TRUE,17,TRUE,47.6370683823827,FALSE
"f9426dc4a794af0f",2023-04-16,"0",48,TRUE,21.8,TRUE,53.50761674929,TRUE
"8e0333b943bd220d",2023-09-14,"0",51,TRUE,13.8,TRUE,36.3107968679031,FALSE
"1e72b04973df3f07",2023-03-10,"0",54,TRUE,8.6,TRUE,41.4525575257529,FALSE
"e3ea511ebeb3140e",2023-11-10,"0",45,TRUE,11.2,TRUE,24.9446548224945,FALSE
"299e8a5aa971a21d",2023-09-17,"0",54,TRUE,20.1,FALSE,56.2437232333783,TRUE
"ebe57950e171bc7b",2023-10-19,"0",44,TRUE,19.5,TRUE,42.1111643128417,FALSE
"ed56d8f8cb2e4156",2023-03-03,"0",48,FALSE,22.6,TRUE,65.5332566429268,TRUE
"3f3b04dd726ea18f",2023-08-28,"0",60,TRUE,20.5,TRUE,62.8994960977909,TRUE
"5bf4528284ee850e",2023-10-25,"0",52,FALSE,26.9,TRUE,69.3444919178453,TRUE
"35b1ff456c1078ed",2023-12-09,"0",50,TRUE,29.7,FALSE,72.2330516116268,TRUE
"b560189f0bc75141",2023-11-07,"0",54,FALSE,17.4,FALSE,49.631274935273,FALSE
"4a0764dae0ed4460",2023-06-01,"0",49,TRUE,21.2,TRUE,53.3566209474174,TRUE
"4fe82172dcafd3b8",2023-05-23,"0",52,TRUE,15.9,TRUE,45.6217714253076,FALSE
"5784bebc5560c22e",2023-10-11,"0",49,TRUE,18.5,TRUE,55.4509071239076,TRUE
"09a5b9828f88c07f",2023-04-30,"0",41,TRUE,9.4,FALSE,26.8820029762316,FALSE
"8c7864df9d8ad156",2023-06-10,"0",52,TRUE,15.4,TRUE,41.1686218927755,FALSE
"55a5621cc59bcd88",2023-08-18,"0",48,TRUE,22,FALSE,48.3815975797857,FALSE
"ba0632f4681da47b",2023-07-28,"0",48,TRUE,21.7,TRUE,47.8938680522973,FALSE
"d0369841d2130119",2023-08-29,"0",50,FALSE,21.5,TRUE,53.2536724604031,TRUE
"e408acd720b7583a",2023-04-24,"0",55,FALSE,15.3,FALSE,54.3779874437309,TRUE
"c8097be337794431",2023-04-23,"0",51,FALSE,11.9,FALSE,45.9710059516446,FALSE
"5734615b986b4391",2023-08-20,"0",53,TRUE,19.3,TRUE,52.3228694534812,TRUE
"1dc6bba6df1d2e32",2023-04-12,"0",53,FALSE,24,TRUE,71.2839880798252,TRUE
"05b42043fd3a5472",2023-09-23,"0",50,TRUE,19.8,TRUE,51.0084970909104,TRUE
"56ab4667cbd8e0b5",2023-05-24,"0",53,TRUE,9.3,TRUE,40.1418918962567,FALSE
"04b6a06ce5743ad0",2023-07-31,"0",49,TRUE,15.7,FALSE,38.3605284795724,FALSE
"e8091b771a05a13a",2023-10-26,"0",45,TRUE,14.6,TRUE,31.9250669036984,FALSE
"2117f821488c344a",2023-04-18,"0",51,TRUE,16.7,TRUE,41.1347137688009,FALSE
"e77c59276728a5cc",2023-07-17,"0",41,TRUE,13.7,TRUE,25.2246705643609,FALSE
"dacb9cfb4dc66155",2023-08-03,"0",46,TRUE,6.1,TRUE,16.2527144268932,FALSE
"b76a90f4fc2f1a03",2023-11-29,"0",50,TRUE,23,FALSE,55.898025506313,TRUE
"e8937c007d507748",2023-04-24,"0",49,TRUE,22.8,TRUE,54.6819916670637,TRUE
"7d067abf4638870d",2023-10-12,"0",48,TRUE,13.8,TRUE,47.3459736375652,FALSE
"b9b59aeafa4205ba",2023-11-05,"0",54,TRUE,16.1,TRUE,45.4590607085241,FALSE
"dbcce3d1f68eee61",2023-08-17,"0",46,FALSE,16.1,TRUE,36.2068774403212,FALSE
"06366f96c64a86da",2023-12-17,"0",40,TRUE,22.8,TRUE,40.7317258712638,FALSE
"6e75779efa12e39d",2023-07-26,"0",53,TRUE,20.6,TRUE,57.7461089263896,TRUE
"e20cd19dd01262ab",2023-09-23,"0",50,TRUE,21.6,TRUE,53.0872849506804,TRUE
"4366e17735daf35b",2023-09-05,"0",50,TRUE,19.9,TRUE,48.6438771444081,FALSE
"9de2defd4523c615",2023-06-21,"0",48,TRUE,23.5,FALSE,53.7118949911051,TRUE
"baa44e8df8b351a3_test",2023-03-27,"0",18,FALSE,0,FALSE,0,FALSE
"f11f6ab6594f7bc8",2023-06-02,"0",46,TRUE,22.8,TRUE,51.0776417357947,TRUE
"f0feca646a79acee",2023-07-11,"0",52,TRUE,23.3,TRUE,60.2762217839547,TRUE
"765cb5a3531278df",2023-05-25,"0",50,TRUE,23.2,TRUE,68.3666722986651,TRUE
"b2b6c1ea684b6052",2023-06-22,"0",44,TRUE,10.6,FALSE,32.9155398280007,FALSE
"a3bf920db2313b9b",2023-11-05,"0",52,TRUE,26.8,FALSE,70.2836054941974,TRUE
"d05bb8f6532cdc67",2023-08-16,"0",53,TRUE,18.5,TRUE,50.7840059916869,TRUE
"d86a252f54f9eb9b",2023-10-06,"0",49,TRUE,20.1,TRUE,49.1548541455425,FALSE
"b667583e47bba9c1",2023-04-07,"0",50,TRUE,21,TRUE,51.0870434884843,TRUE
"b7b3bd6ba0ab715b",2023-06-23,"0",56,TRUE,17,TRUE,51.120175299367,TRUE
"b34e63abd1437769",2023-11-22,"0",52,TRUE,6.9,TRUE,23.4603051562347,FALSE
"9f678fb3efba4c97",2023-10-06,"0",55,TRUE,17.5,TRUE,52.8821222610176,TRUE
"959dcdb5a56a29e5",2023-09-29,"0",50,TRUE,20.1,FALSE,47.7630115346193,FALSE
"a280b630b751b011",2023-12-17,"0",56,TRUE,11.1,TRUE,36.1310916920394,FALSE
"9744790d96824762",2023-09-30,"0",50,TRUE,23.2,TRUE,55.2655461626653,TRUE
"cc85b5edd3ec4737",2023-06-21,"0",54,TRUE,17.2,TRUE,45.9691444088171,FALSE
"d5927a55cf7aa71c",2023-03-30,"0",49,TRUE,27.1,FALSE,64.3837267411777,TRUE
"62a9725c62b06254",2023-09-03,"0",46,TRUE,22,TRUE,48.2139551849716,FALSE
"280b0b50813d4039",2023-04-16,"0",54,TRUE,16,TRUE,47.0156859658458,FALSE
"0f1ce120732fdc89",2023-06-13,"0",59,TRUE,21.5,FALSE,63.9794838160194,TRUE
"e08ace6a8a9672f6",2023-09-18,"0",49,TRUE,21.6,TRUE,51.8360496653754,TRUE
"6a7a2f4ed2187d0d",2023-05-27,"0",56,TRUE,24.9,FALSE,67.6290533015054,TRUE
"5aa4a76c239d94c3",2023-11-23,"0",49,TRUE,19.7,TRUE,47.3770835178911,FALSE
"b43d71e398c3160c",2023-08-28,"0",54,TRUE,9.5,FALSE,32.0997695167792,FALSE
"f583a8ec0010e0a2",2023-03-10,"0",46,TRUE,12.8,TRUE,30.1474640546687,FALSE
"3ad5ac029fd5e443",2023-06-29,"0",51,TRUE,16.1,TRUE,44.1209771997847,FALSE
"4dd16ee99b5aa731",2023-05-28,"0",47,TRUE,21.5,TRUE,50.2308208620917,TRUE
"c04a75cd7e988af6",2023-04-06,"0",45,TRUE,18.1,TRUE,42.0739441142598,FALSE
"25e70903cf228e60",2023-09-10,"0",53,TRUE,16.8,TRUE,47.3249880147164,FALSE
"4cc03b38f07074d1",2023-08-10,"0",56,TRUE,16.1,TRUE,50.4678002542595,TRUE
"1177fb69096a7b38",2023-12-08,"0",47,TRUE,21.1,FALSE,48.6374374797219,FALSE
"996bba0a9fb0ce08",2023-04-15,"0",46,TRUE,14.8,TRUE,35.9717922857198,FALSE
"b5c5ba6af34c07dc",2023-12-12,"0",46,TRUE,18.1,TRUE,40.165054554168,FALSE
"1064d0221d2a829f",2023-12-05,"0",48,TRUE,14.4,TRUE,36.1004973254936,FALSE
"6fe5d34fcf9d121c",2023-10-30,"0",53,TRUE,14.2,TRUE,38.9620288295465,FALSE
"090126f2037a8f69",2023-09-19,"0",53,FALSE,24.3,TRUE,63.971943724391,TRUE
"c4f4b21c0f14a923",2023-10-11,"0",52,TRUE,14.3,FALSE,37.575956766363,FALSE
"be259542e0cc6afb",2023-09-22,"0",53,TRUE,20.2,TRUE,54.5260787763396,TRUE
"bc5c49a209c7673d",2023-12-14,"0",48,TRUE,17.5,TRUE,40.8657017047499,FALSE
"53627bac7a46eb6a_test",2023-06-01,"0",18,FALSE,0,FALSE,0,FALSE
"3e279d794ed2080c",2023-12-17,"0",53,TRUE,21.4,TRUE,56.9029794466832,TRUE
"4ae3b51024c96aba",2023-08-19,"0",49,TRUE,17.2,TRUE,54.063815610617,TRUE
"dd20e624536701f8",2023-11-08,"0",46,TRUE,27.1,TRUE,59.3538474135205,TRUE
"177fdd492155da4b",2023-07-13,"0",44,TRUE,21.3,TRUE,47.2101526192941,FALSE
"ea8c64d6bc10ad85",2023-11-16,"0",61,TRUE,18.5,TRUE,61.6576000596499,TRUE
"baa4812488dae18a",2023-08-06,"0",43,TRUE,32.4,TRUE,70.6573015031012,TRUE
"33a3a61b07e1d47d",2023-07-19,"0",50,TRUE,16.8,TRUE,42.7457753320596,FALSE
"841bdda9409cd00b",2023-03-30,"0",58,FALSE,10.1,TRUE,48.8218296192034,FALSE
"62209deeb412deb0",2023-04-23,"0",53,TRUE,17.2,TRUE,48.8395909569223,FALSE
"a0c1a06ef81dd125",2023-03-02,"0",49,TRUE,19.5,FALSE,48.100676980243,FALSE
"e7fe24315d0a0f7e",2023-03-28,"0",52,TRUE,17.8,TRUE,59.71681529583,TRUE
"6b525de8f2912b88",2023-06-19,"0",57,FALSE,16.9,TRUE,62.5732143068986,TRUE
"5477ba99b900bb4e",2023-09-28,"0",51,TRUE,15.6,TRUE,49.9396741773366,FALSE
"0ba2bf22a517abc0",2023-10-21,"0",48,TRUE,15.8,TRUE,38.467539242408,FALSE
"d5051509eb2a3222",2023-11-20,"0",56,TRUE,21.2,TRUE,69.2624711998575,TRUE
"878bf40de3f99021",2023-07-16,"0",57,TRUE,25.9,TRUE,68.9261904886885,TRUE
"b427a99b74e2bd6f",2023-09-15,"0",46,TRUE,15.7,FALSE,36.8409391432372,FALSE
"89d3431d2eff73d5",2023-06-23,"0",53,TRUE,23.4,TRUE,61.5780101925501,TRUE
"f445dc8da163a50a",2023-05-21,"0",51,TRUE,22.2,FALSE,55.8267468152083,TRUE
"2adca2cad1d9a85c",2023-06-16,"0",53,TRUE,25.8,TRUE,67.5374601510475,TRUE
"4a745de69dfa1d2a",2023-09-18,"0",52,FALSE,15.6,TRUE,54.0395739542095,TRUE
"0f2d0e4b306c99ae",2023-05-12,"0",50,TRUE,14.5,TRUE,37.4613725016362,FALSE
"292666badc9eba3c",2023-07-25,"0",52,TRUE,24.1,TRUE,59.9210957664048,TRUE
"bc9c5d07da1d463f",2023-04-15,"0",45,TRUE,16.5,TRUE,37.0614608452848,FALSE
"a288dd4eb4be5f3f",2023-11-02,"0",44,TRUE,22.3,FALSE,48.7508688534956,FALSE
"f11f43fd683f264b",2023-07-09,"0",53,TRUE,29.7,FALSE,72.0010274415765,TRUE
"80bdfdf6ca444227",2023-07-28,"0",50,TRUE,12.3,FALSE,35.7511885624295,FALSE
"15bfd4ec83cdd45c",2023-04-30,"0",49,TRUE,27.7,FALSE,68.0749437439462,TRUE
"131bf443effb33e0",2023-03-20,"0",43,TRUE,27,TRUE,56.5922710309935,TRUE
"0f93f3a993b81548_test",2023-08-17,"0",18,FALSE,0,FALSE,0,FALSE
"7853e7b2a370c924",2023-03-17,"0",51,TRUE,13.2,TRUE,48.3665526016013,FALSE
"156e6fc4b3d1c830",2023-05-21,"0",48,TRUE,16.5,FALSE,41.3305787786144,FALSE
"1082aee5d048e742",2023-09-27,"0",50,FALSE,16.4,TRUE,44.2326779746495,FALSE
"14999f2d78873b53",2023-08-21,"0",52,TRUE,23.4,TRUE,58.4155181750133,TRUE
"cd8374baed3a0280_test",2023-11-28,"0",18,FALSE,0,FALSE,0,FALSE
"343b9120cdeca93b",2023-06-02,"0",52,TRUE,18.5,TRUE,50.6986588470179,TRUE
"f790ffd52d414da8",2023-08-25,"0",49,TRUE,19.3,TRUE,48.3370455276483,FALSE
"74e7de598511f784",2023-08-26,"0",49,TRUE,18.9,TRUE,45.4567999624433,FALSE
"4b2bd4ae815bc2d4",2023-05-13,"0",49,TRUE,21,TRUE,49.5937763575829,FALSE
"6cb612dd3bcd9467",2023-10-17,"0",53,TRUE,22.7,TRUE,69.4482974879132,TRUE
"38f61f672f449bda",2023-06-24,"0",53,TRUE,17.4,FALSE,49.3534458022452,FALSE
"291328a931fc37aa",2023-09-30,"0",59,TRUE,10.2,TRUE,51.1098261021011,TRUE
"19a9e7bf129cc114",2023-06-16,"0",46,TRUE,22.7,FALSE,53.7666432979665,TRUE
"4ed08a787d98ff4c",2023-07-25,"0",47,TRUE,22.5,TRUE,51.2126561502459,TRUE
"0c9915b753f63b81",2023-10-22,"0",53,FALSE,22.1,TRUE,57.6264917590612,TRUE
"ed847a660177d85b",2023-05-28,"0",57,TRUE,23.6,TRUE,64.120645134399,TRUE
"d6008b5e0c2db438",2023-03-30,"0",55,TRUE,12.9,TRUE,40.3357084435904,FALSE
"fb52e130390206f0",2023-06-14,"0",48,TRUE,25.4,TRUE,59.6869138035113,TRUE
"0160f1b43365014d",2023-06-11,"0",47,FALSE,17.4,TRUE,51.1422427463176,TRUE
"c1ab83448a988481",2023-10-29,"0",57,TRUE,24.6,TRUE,65.407615215848,TRUE
"216fb6c25581992d",2023-11-13,"0",56,TRUE,17.3,FALSE,52.3332485046379,TRUE
"e34c51b64e09accc",2023-08-31,"0",51,TRUE,11.2,TRUE,30.4248048846023,FALSE
"ca0b411f8bf9742c",2023-12-12,"0",57,TRUE,18.1,TRUE,52.1158898396858,TRUE
"d55ea2ed6ef1432b",2023-09-13,"0",50,TRUE,16,TRUE,40.2742573997302,FALSE
"ddbbf2ba8b79ecbe",2023-07-20,"0",47,TRUE,30.9,TRUE,69.9069924141506,TRUE
"c0790212ea15e14b",2023-09-08,"0",50,TRUE,18.1,FALSE,46.1291062494135,FALSE
"c9766281f80385d3",2023-10-20,"0",50,TRUE,18.9,TRUE,47.5571082364488,FALSE
"b6d770dc33b2d621",2023-04-16,"0",44,FALSE,24.7,TRUE,55.0625837753959,TRUE
"fdc1b3a946319b02",2023-09-09,"0",49,FALSE,17.6,TRUE,55.7670787624117,TRUE
"c47aac72e9ecd45b",2023-04-18,"0",48,TRUE,23.2,FALSE,54.4160476461758,TRUE
"1962e8a1e573cec2",2023-03-22,"0",52,FALSE,28.3,FALSE,82.0661978825247,TRUE
"28f17c3f6e435949",2023-11-12,"0",48,TRUE,16.4,FALSE,51.7189655401742,TRUE
"f9eaeaf7daeb62b1",2023-10-21,"0",52,TRUE,24.9,FALSE,72.2790948265144,TRUE
"e04183a911516f69",2023-07-10,"0",52,TRUE,20.6,TRUE,54.9243632621753,TRUE
"817277a089ff0fcc",2023-05-06,"0",49,TRUE,13,TRUE,31.4406146301823,FALSE
"9c5cb530069e12ff",2023-09-03,"0",50,FALSE,3.4,FALSE,26.8834224648037,FALSE
"3bea08b8d158761b",2023-04-22,"0",60,TRUE,23.7,TRUE,68.7050671809716,TRUE
"4e28afcfe89cf1e2",2023-07-03,"0",56,TRUE,14.5,TRUE,44.1117021760813,FALSE
"ca555029761935b3",2023-04-28,"0",56,TRUE,19.6,TRUE,55.7277788960512,TRUE
"0e2ba3b147c7d0bf",2023-08-17,"0",50,TRUE,28.9,TRUE,70.7655798694157,TRUE
"2d693dcb1cc29218",2023-09-06,"0",47,TRUE,21.3,TRUE,50.0872328117516,TRUE
"1bdfd470db980f2d",2023-08-09,"0",52,TRUE,19.1,FALSE,47.5933939524043,FALSE
"1b4f4004278330a6",2023-05-26,"0",50,TRUE,9.9,TRUE,27.9425513826955,FALSE
"79e70aa050f362c1",2023-10-14,"0",64,TRUE,16.3,TRUE,58.7975711013265,TRUE
"f9db12c5356e64da",2023-04-26,"0",42,TRUE,12.6,FALSE,34.4398602505047,FALSE
"9cf9d6ae9af70566",2023-07-26,"0",49,TRUE,23.2,TRUE,54.6865062258241,TRUE
"76864bdeeedd5afe",2023-03-27,"0",56,TRUE,22.6,TRUE,63.1923866422905,TRUE
"ec699d0faf38c076",2023-08-21,"0",42,TRUE,19.8,TRUE,39.6550344004491,FALSE
"8b3aedcfee8578ca",2023-08-21,"0",49,TRUE,20.3,TRUE,51.980537800139,TRUE
"e1356e796bbede1f",2023-03-03,"0",51,TRUE,12.4,TRUE,48.8845196401471,FALSE
"97e72090d0bd5bc6",2023-06-03,"0",49,TRUE,14.7,TRUE,50.461046494551,TRUE
"13a8fbf5b835745e",2023-09-07,"0",46,TRUE,21.6,TRUE,46.5519324269326,FALSE
"5002189897d71eb3_test",2023-07-16,"0",18,FALSE,0,FALSE,0,FALSE
"9971770484865561",2023-11-10,"0",55,TRUE,28.6,FALSE,77.5801644224527,TRUE
"2514b830bc5a30ba",2023-05-23,"0",45,TRUE,14.4,TRUE,31.8199205531288,FALSE
"4f5e677f9306279a",2023-08-04,"0",56,TRUE,26.2,FALSE,71.8985089453442,TRUE
"440136a32c5afedf",2023-10-24,"0",54,TRUE,23.8,TRUE,61.7263057784056,TRUE
"ac001a9d9ba658c6",2023-09-12,"0",45,TRUE,11.8,FALSE,25.1482550682939,FALSE
"18c128a8e9deeb39",2023-08-15,"0",44,FALSE,18.6,FALSE,39.1771005518199,FALSE
"33cbb537c1fa64ee",2023-05-26,"0",50,TRUE,17.1,FALSE,42.4948161373752,FALSE
"33a4bb8c50adacea",2023-10-04,"0",51,TRUE,14.9,FALSE,41.4564122865253,FALSE
"db600ec1b4681f83",2023-09-18,"0",55,FALSE,8,TRUE,40.9409986283882,FALSE
"d34f5fc625f5af47",2023-06-18,"0",50,TRUE,17.7,TRUE,44.7212868117608,FALSE
"396d840a139a87c2",2023-06-27,"0",52,TRUE,18,TRUE,46.8109594995651,FALSE
"72e460663efc6561",2023-06-15,"0",55,TRUE,18.8,TRUE,53.5530826968691,TRUE
"418b01b452c32efa",2023-10-01,"0",55,TRUE,10.2,TRUE,33.7138248727353,FALSE
"2b1883aea8443e7c",2023-04-23,"0",53,TRUE,22.5,TRUE,59.0705257935616,TRUE
"fbda7b11ef1e3bf8",2023-04-26,"0",51,TRUE,24.9,FALSE,59.1074475897147,TRUE
"0703af010dda901a",2023-03-27,"0",52,TRUE,18.6,TRUE,61.0977577561873,TRUE
"6f8e33545451ce1e",2023-10-12,"0",55,TRUE,24.6,FALSE,64.9414024425096,TRUE
"9e64f80d84bb6286",2023-05-19,"0",54,TRUE,20.3,TRUE,57.7880217796443,TRUE
"2db4e16534642b79",2023-06-18,"0",50,TRUE,27.1,TRUE,67.7796528040187,TRUE
"d6bff36c03c93845",2023-10-03,"0",51,TRUE,15.4,TRUE,44.4151510123302,FALSE
"49212a1ac2793cfd",2023-03-15,"0",57,TRUE,13.4,TRUE,43.6424041411564,FALSE
"de2a8ce00d5a2a9c",2023-10-27,"0",56,TRUE,21.7,TRUE,61.1802061880956,TRUE
"887f55cef8d591b7",2023-03-23,"0",46,TRUE,22.5,FALSE,48.925888012089,FALSE
"5aef4839f1befe81",2023-11-21,"0",56,TRUE,15.9,FALSE,48.1949977254161,FALSE
"cb83b193a1cf2cc7",2023-07-19,"0",50,TRUE,20.4,TRUE,49.5560271948881,FALSE
"8db7fdf3db9aec40",2023-05-01,"0",44,TRUE,21.9,TRUE,45.8614656263337,FALSE
"29052e0232bfdaa7",2023-11-12,"0",55,TRUE,21.9,TRUE,62.1384631919229,TRUE
"37d3a206e3e5053c",2023-11-22,"0",50,TRUE,24,TRUE,59.2174252598968,TRUE
"ccbe752c18bff9e5",2023-12-07,"0",54,TRUE,24.1,TRUE,65.4235164024927,TRUE
"c44db0cbba32efe7",2023-11-05,"0",58,TRUE,7.4,TRUE,33.3779906993629,FALSE
"bfc25ed49dcc0a03",2023-05-13,"0",54,TRUE,28.9,TRUE,74.4333384345454,TRUE
"f602e7f4cfb8e3ac",2023-07-01,"0",49,TRUE,23.2,FALSE,53.8786969868118,TRUE
"62d522c11c0d7ffb",2023-06-08,"0",49,TRUE,16.8,TRUE,42.4279866891365,FALSE
"406b681e037c774e",2023-09-14,"0",46,TRUE,15.2,TRUE,32.5425032797614,FALSE
"9cb598e430167293",2023-05-30,"0",47,FALSE,19,TRUE,55.3310214983989,TRUE
"707a89ef81d00812",2023-09-28,"0",52,TRUE,21.4,FALSE,53.7663672704247,TRUE
"392c79fe11d71415",2023-12-06,"0",49,FALSE,20.4,TRUE,61.0484448526154,TRUE
"517167189195018c",2023-03-24,"0",53,TRUE,19.5,FALSE,52.0806907395375,TRUE
"9e081fcd5f03005f",2023-05-19,"0",53,FALSE,13.9,TRUE,51.1405556230558,TRUE
"d8755932d6ac1381",2023-03-16,"0",51,TRUE,31.6,TRUE,77.0655309849989,TRUE
"5f3206ece29119b3",2023-10-29,"0",48,TRUE,10.3,FALSE,25.740461675397,FALSE
"2c9a913217fb5e2a",2023-03-03,"0",44,TRUE,22.3,TRUE,46.9985448734002,FALSE
"4c81d86406a1bca5",2023-10-10,"0",50,TRUE,21.2,TRUE,54.2540106413058,TRUE
"cb336ee0cfa746c6",2023-07-27,"0",46,TRUE,16.9,TRUE,51.4599940855193,TRUE
"5e131f84df22a4b1",2023-10-17,"0",53,TRUE,22.6,TRUE,59.3797590979012,TRUE
"987ddb0e473dccf3",2023-09-11,"0",53,TRUE,19,TRUE,50.788771404955,TRUE
"6e329886d70f7933",2023-03-10,"0",51,TRUE,25,FALSE,65.3259025831212,TRUE
"845174c81fb1cec2",2023-07-13,"0",46,TRUE,7.4,TRUE,18.3993932045894,FALSE
"0e7122bb19bb915c",2023-07-25,"0",47,TRUE,16.3,FALSE,36.6338995341462,FALSE
"0a192bfaae1fb36e",2023-08-17,"0",48,TRUE,19.9,TRUE,45.9237362846088,FALSE
"8cb3bb77bb4e695c",2023-08-21,"0",51,TRUE,21,TRUE,51.7249369923557,TRUE
"a2638ca53a44a6a8",2023-08-05,"0",59,TRUE,17.9,TRUE,64.0989871653968,TRUE
"6772f7a9eba8c17d",2023-06-15,"0",46,TRUE,22,FALSE,52.4465473098771,TRUE
"97626a968b5ae06d",2023-10-13,"0",41,TRUE,12.6,TRUE,23.6473848586178,FALSE
"3d9ad96fcc7b6822",2023-04-11,"0",50,TRUE,20,TRUE,48.9882972697239,FALSE
"d761b902068787d9",2023-10-29,"0",47,TRUE,22.1,TRUE,52.1786738237061,TRUE
"7365ddf06ef4cf99",2023-06-06,"0",41,TRUE,26.4,TRUE,54.9175838904972,TRUE
"3c3f20a1db1552f1",2023-09-29,"0",47,TRUE,19.6,TRUE,44.4411157755239,FALSE
"77bc1ac5114b7927",2023-08-18,"0",49,TRUE,28.6,TRUE,65.3228379999222,TRUE
"10ba39a49b49c5f9",2023-11-09,"0",46,TRUE,18.7,TRUE,40.9105199633673,FALSE
"c11813a2f5aca16f",2023-03-26,"0",53,TRUE,20.1,TRUE,52.606916767331,TRUE
"6a71aec93abbde4d",2023-06-05,"0",54,TRUE,20.3,TRUE,57.683238617039,TRUE
"366d23c26df93d7e",2023-06-25,"0",49,TRUE,17.3,FALSE,43.0058427809413,FALSE
"993adeffd851d50f",2023-07-12,"0",44,FALSE,18.6,TRUE,50.3015180805612,TRUE
"90b992cc82bb3a23",2023-12-04,"0",52,TRUE,8.3,TRUE,37.5979223799218,FALSE
"ae1c169e67639308",2023-11-07,"0",47,TRUE,20.2,TRUE,45.9076188989134,FALSE
"1b7292d907585bf6",2023-08-20,"0",47,TRUE,17.2,TRUE,40.2017807860575,FALSE
"b734afece919e942",2023-10-25,"0",51,TRUE,17.6,FALSE,46.0435379613738,FALSE
"50f6714c6175859c",2023-05-24,"0",46,TRUE,25.9,TRUE,57.557036786773,TRUE
"bbee930f08dea899",2023-04-02,"0",49,TRUE,24.6,TRUE,61.1368736284224,TRUE
"5e6d0be2d1e2284b",2023-06-12,"0",47,TRUE,28.2,TRUE,63.2466318147702,TRUE
"77b4f5ac9bc8e1a4",2023-08-20,"0",52,TRUE,17.8,TRUE,49.2009482507859,FALSE
"020968377e77a036",2023-07-08,"0",47,TRUE,19.8,TRUE,45.9484678344793,FALSE
"3acab7533e3297c8",2023-11-11,"0",47,TRUE,12.4,TRUE,29.8884409911941,FALSE
"fbf8e64e73c4c6bf",2023-07-04,"0",46,TRUE,17.4,FALSE,42.5102775368138,FALSE
"710ed3c8222448ea",2023-04-04,"0",50,TRUE,28.8,TRUE,70.994028760846,TRUE
"ff663ab6c2f6e7ed",2023-08-03,"0",55,TRUE,17.9,TRUE,51.9344782783763,TRUE
"b4c2ceaab7761c57",2023-04-14,"0",46,TRUE,14.1,TRUE,32.3983049814212,FALSE
"4044cc28af2bf91a",2023-07-22,"0",51,TRUE,19.8,TRUE,51.3834931908521,TRUE
"4044cc28af2bf91a",2023-10-23,"0",47,TRUE,26.5,FALSE,60.86335357992,TRUE
"5d2536c8040e1cab",2023-07-14,"0",46,TRUE,12.5,TRUE,25.3300724399197,FALSE
"4044cc28af2bf91a",2023-11-04,"0",54,TRUE,18.5,TRUE,53.8658001839299,TRUE
"4044cc28af2bf91a",2023-11-08,"0",48,TRUE,22.6,TRUE,51.3448654712801,TRUE
"f5b5d6ea7f137bd3",2023-06-10,"0",56,TRUE,29.5,FALSE,79.0733666688471,TRUE
"698181f0646561f2",2023-06-10,"0",47,TRUE,16.9,TRUE,41.2624578274674,FALSE
"25e16a93a5e67985",2023-06-03,"0",53,TRUE,28,TRUE,70.2769980681492,TRUE
"ecb3ca8eafcdce02",2023-11-11,"0",54,TRUE,13,TRUE,51.0418120081677,TRUE
"14664897463dfce8",2023-10-19,"0",59,TRUE,14.9,TRUE,48.1845660863126,FALSE
"739ebfffaa0f25d8",2023-03-10,"0",47,FALSE,10,FALSE,31.9319642705904,FALSE
"7273bb5e61e1743a",2023-09-04,"0",50,TRUE,18.5,TRUE,47.1432214050179,FALSE
"d2e20d0eeeb20223",2023-08-08,"0",54,TRUE,20.3,FALSE,54.7474062014523,TRUE
"afcb5a8d5cc38470_test",2023-09-30,"0",18,FALSE,0,FALSE,0,FALSE
"822db33557c4d78a",2023-11-26,"0",52,TRUE,19.9,TRUE,64.4731065740835,TRUE
"43d44c4f0c8f5a36",2023-05-07,"0",48,TRUE,20.9,TRUE,49.6236828643484,FALSE
"3a2ef3cc0454937c",2023-06-11,"0",45,TRUE,19.3,TRUE,43.775873675054,FALSE
"32d220ccc07b6df4",2023-07-16,"0",41,TRUE,17.3,FALSE,32.0110493626744,FALSE
"913ab21f02eb806f",2023-09-16,"0",52,TRUE,13.7,TRUE,38.7254819098521,FALSE
"4044cc28af2bf91a",2023-10-09,"0",49,TRUE,9.3,TRUE,25.704879764814,FALSE
"cf05315160d9f9d7",2023-08-20,"0",57,TRUE,21.9,TRUE,62.4547562936329,TRUE
"763b0537eeab7c91",2023-05-23,"0",46,TRUE,14.1,TRUE,42.2150914872811,FALSE
"778e07e4c8510055_test",2023-08-30,"0",18,FALSE,0,FALSE,0,FALSE
"fc3d01aebab32195",2023-06-28,"0",53,TRUE,21.1,TRUE,56.4219174009347,TRUE
"0bab06430ddd6b08",2023-08-23,"0",49,TRUE,24.5,TRUE,58.7688357997894,TRUE
"1d1a03e443c2752f",2023-03-08,"0",52,TRUE,20.4,TRUE,51.3332502915265,TRUE
"702a747e107bc939",2023-06-13,"0",55,TRUE,16.6,TRUE,47.1610629179755,FALSE
"966104c43fb5068c",2023-08-23,"0",59,TRUE,21.4,TRUE,63.8455797036201,TRUE
"0f07cb0aff050aa9",2023-05-14,"0",50,TRUE,20.5,TRUE,52.9748170938828,TRUE
"ddf5ac1e230ac0cb",2023-07-19,"0",47,TRUE,15.8,TRUE,36.4510451783012,FALSE
"54001230aa31bf69",2023-06-11,"0",46,TRUE,19.9,TRUE,44.9726637626966,FALSE
"856e326bd4f00909",2023-03-18,"0",48,TRUE,30.6,TRUE,69.9337349204621,TRUE
"ad3085eac21dfbc5",2023-07-11,"0",48,TRUE,8.8,TRUE,34.3030841070676,FALSE
"79bf5b9b20777668",2023-03-31,"0",45,TRUE,22.2,TRUE,59.3745636024875,TRUE
"077e181ff2019f58",2023-03-20,"0",52,TRUE,18.6,TRUE,50.5788155096152,TRUE
"90fd6dc0035a68f1",2023-09-26,"0",56,TRUE,23.2,TRUE,74.5575175266042,TRUE
"e51462cfdbcd8192",2023-06-11,"0",48,TRUE,15,TRUE,39.345671074515,FALSE
"a27bb6ecc3fcb2ad",2023-10-27,"0",46,TRUE,20.2,TRUE,42.7588176904,FALSE
"53dc7e247dbffc49",2023-09-11,"0",45,TRUE,22.1,FALSE,46.5887917662574,FALSE
"4dc276431f38d9f1",2023-10-26,"0",53,TRUE,19.4,TRUE,50.6200231919229,TRUE
"4807aa4336c11b41",2023-11-19,"0",50,TRUE,23.7,TRUE,58.1818316782094,TRUE
"4b2801759b5de416",2023-11-30,"0",42,TRUE,19.4,FALSE,38.1501685423648,FALSE
"739f89655c3907f9",2023-06-22,"0",50,TRUE,25.7,TRUE,62.6927169534464,TRUE
"591a21ce4b07093e",2023-11-21,"0",50,TRUE,20.5,TRUE,52.4853315415667,TRUE
"b141595794d381b5",2023-09-23,"0",47,TRUE,22.5,FALSE,53.4334282959349,TRUE
"787c6bde0ff420b1",2023-11-23,"0",45,TRUE,9.9,TRUE,30.2470524569145,FALSE
"1bbedbc3c38a8168",2023-08-10,"0",48,TRUE,17.4,TRUE,40.6985237581523,FALSE
"646178cfe64fbf1c",2023-08-27,"0",47,TRUE,26.1,TRUE,57.2821146125456,TRUE
"5ed6f03931834c79",2023-06-20,"0",47,FALSE,22.5,TRUE,54.7340777741704,TRUE
"c0c6986a6d6ee6a2",2023-04-01,"0",41,TRUE,19,TRUE,34.9546793867513,FALSE
"4c1d3eafb6a33563",2023-09-05,"0",49,TRUE,18.6,TRUE,50.2902681045783,TRUE
"7bee86246b8408c6",2023-04-23,"0",54,TRUE,23.5,TRUE,63.4290087239268,TRUE
"c7787f51677d95d3",2023-07-07,"0",55,TRUE,18.4,TRUE,52.5048700354746,TRUE
"8fc5ddb91fee2770",2023-03-07,"0",58,TRUE,19.7,TRUE,61.0562591702701,TRUE
"3c955c211f06c9cd",2023-09-19,"0",51,TRUE,11.9,TRUE,33.119599837932,FALSE
"ff56a80a98b4a318",2023-03-11,"0",46,TRUE,28.6,TRUE,66.7169532786082,TRUE
"1d38bb8f9e6b1b48",2023-05-16,"0",52,TRUE,24.1,TRUE,63.0448720317758,TRUE
"1191193c98a03987",2023-06-09,"0",54,TRUE,23.8,TRUE,65.2012673987492,TRUE
"193273be78d8a516",2023-10-12,"0",58,TRUE,11.5,FALSE,37.8109986949908,FALSE
"86589d2072014ec3",2023-07-21,"0",53,FALSE,16.2,TRUE,53.8164586577119,TRUE
"99c57f9e70a4f4e9",2023-04-06,"0",56,FALSE,13.7,TRUE,51.5281911586376,TRUE
"ce26ba9b95fae45f",2023-11-11,"0",52,FALSE,8.1,TRUE,36.0103677925821,FALSE
"0ebf8389d6760d39",2023-08-24,"0",45,TRUE,24,TRUE,51.5653852790895,TRUE
"af4e263a150a8114",2023-09-26,"0",47,TRUE,25.5,TRUE,60.9717258619967,TRUE
"0da1f36050dfb941",2023-06-26,"0",58,TRUE,16.6,TRUE,52.4937577985644,TRUE
"b75ccb1b46c60ea6",2023-11-28,"0",53,TRUE,13.6,TRUE,51.1344914345878,TRUE
"e929d6f730ac4f61",2023-04-08,"0",47,TRUE,29.4,TRUE,66.9138032124864,TRUE
"b9a07620fd6d003a",2023-09-20,"0",47,TRUE,11.6,TRUE,28.8886949284393,FALSE
"8a83bf19165fbaa0",2023-10-08,"0",46,TRUE,24.2,TRUE,54.2947447099976,TRUE
"d4b7cc15d264f9a5",2023-08-10,"0",51,TRUE,18.4,TRUE,46.6046072556473,FALSE
"0c1f0014e9585b45",2023-07-26,"0",49,TRUE,19.3,TRUE,47.6531729637877,FALSE
"f6567a573a39c29d",2023-03-08,"0",46,TRUE,17,TRUE,37.7719281950428,FALSE
"ba1244e404c29087",2023-12-01,"0",55,TRUE,25.4,TRUE,67.1362099964277,TRUE
"96c750446f1380b5",2023-08-03,"0",50,TRUE,15.1,TRUE,36.5292851980397,FALSE
"ab1a0a220cfcdb1c",2023-06-05,"0",53,TRUE,24.2,FALSE,63.7834950505979,TRUE
"74078d72abc3e58a",2023-08-31,"0",48,TRUE,27.1,TRUE,63.9817510026095,TRUE
"95e7fe0732e5cd5c",2023-04-15,"0",51,TRUE,11.8,TRUE,32.6809506580247,FALSE
"a1336f5056103ff8",2023-11-03,"0",54,TRUE,9.3,TRUE,41.5894289223168,FALSE
"2ef57de45f8cc151",2023-08-31,"0",53,TRUE,22.6,TRUE,58.7772588379814,TRUE
"19890cb7e3db019f",2023-06-06,"0",54,TRUE,15.6,TRUE,42.6579631249495,FALSE
"0be2b822131c8d4a",2023-05-08,"0",43,TRUE,15.8,TRUE,34.0394493041771,FALSE
"54a187dc914ea3bc",2023-11-23,"0",51,TRUE,18.2,FALSE,46.2258630191836,FALSE
"edc876e40f585691",2023-11-14,"0",49,TRUE,17.2,TRUE,43.8760328005416,FALSE
"3a0f27449e0bc1f1",2023-03-18,"0",47,FALSE,19.3,TRUE,52.9377956564711,TRUE
"5ddb4f0a50828105",2023-10-28,"0",48,TRUE,17.3,TRUE,40.605508035266,FALSE
"56283c699f418d2f",2023-08-25,"0",57,TRUE,20.5,TRUE,58.5662213151129,TRUE
"b926c42f7f76922a",2023-06-23,"0",52,TRUE,22.5,TRUE,58.9718613880499,TRUE
"c919ffb287f75b18",2023-03-30,"0",49,TRUE,7.3,TRUE,33.4021555501243,FALSE
"3361e3da0f1c1464",2023-07-26,"0",54,TRUE,16.2,TRUE,46.8551631869689,FALSE
"a083a7913e6fc4de",2023-08-09,"0",48,FALSE,19.9,TRUE,56.8194858860551,TRUE
"31848fadceb31472",2023-12-02,"0",51,TRUE,17.3,TRUE,47.1403208193797,FALSE
"deb3149e77e6e9fb",2023-08-27,"0",56,TRUE,6.5,FALSE,29.4794039006543,FALSE
"3f58b2a1ff4ab1b5",2023-05-22,"0",49,TRUE,15.6,TRUE,38.639528794261,FALSE
"10482ab1ef228a85",2023-07-03,"0",47,TRUE,24.1,TRUE,54.0058840672242,TRUE
"e52d12d3e449272b",2023-10-21,"0",48,TRUE,17.6,TRUE,43.8579851269976,FALSE
"7dcc73273af52df0",2023-05-21,"0",46,FALSE,17.9,TRUE,38.7943871745361,FALSE
"e4701011e54c755f",2023-04-09,"0",51,TRUE,19.1,TRUE,50.9887675344774,TRUE
"13772d80d20fccb5",2023-12-05,"1",53,TRUE,17.2,TRUE,67.5258455866925,TRUE
"dad8c7245e72c029",2023-08-04,"1",51,TRUE,17.3,TRUE,64.6563107493278,TRUE
"9fd91ff088c24f3b",2023-12-03,"1",53,TRUE,18.3,TRUE,73.1930954694671,TRUE
"2567264d65dad4e3",2023-10-01,"1",43,TRUE,24.7,TRUE,67.0257482329487,TRUE
"106bfd87868596ea",2023-10-22,"1",50,TRUE,29.6,TRUE,91.1724605652853,TRUE
"a9976da3aa6f65a1",2023-07-26,"1",53,TRUE,24.2,TRUE,86.0345299160233,TRUE
"744087d7e89f2128",2023-08-26,"1",56,TRUE,20,TRUE,79.3379084160139,TRUE
"0fa7ed0a411c49c4",2023-12-20,"1",39,TRUE,14.8,TRUE,40.8120886408994,FALSE
"64f9fa5ea2b37825",2023-03-09,"1",47,TRUE,24.6,FALSE,74.543407330972,TRUE
"c6e8832602616599",2023-09-06,"1",53,TRUE,27.9,FALSE,89.8657489853356,TRUE
"a99dccc1e1b00884",2023-03-19,"1",52,TRUE,19,TRUE,71.0401274775108,TRUE
"64b4c439b8d0227a",2023-03-21,"1",51,TRUE,19.5,TRUE,70.3606473314652,TRUE
"2708991ac4e283d8",2023-08-24,"1",44,TRUE,26.5,FALSE,71.0387108543377,TRUE
"726f0647c8bb8f35",2023-06-23,"1",49,TRUE,21.5,TRUE,69.5940651467762,TRUE
"8fc9689d00eb4db8_test",2023-05-31,"0",18,FALSE,0,FALSE,0,FALSE
"fce9a4423f7551ab",2023-09-01,"1",50,TRUE,19.2,FALSE,69.4614365550663,TRUE
"f673d908966ecc1f",2023-08-02,"1",46,TRUE,11.2,FALSE,46.4680955595837,FALSE
"970dcab82be0bc03",2023-08-01,"1",44,FALSE,20.7,TRUE,73.9601776002348,TRUE
"987bdf399f09a74c",2023-04-26,"1",51,TRUE,21.6,TRUE,73.2395254906707,TRUE
"8c593ccab5a1be37",2023-09-29,"1",57,TRUE,18.3,TRUE,80.1743280691701,TRUE
"0afa83308ce0db35",2023-10-18,"1",44,TRUE,14.1,TRUE,46.7703695542138,FALSE
"e1b2d849c8f2a2ef",2023-12-16,"1",47,TRUE,24.6,TRUE,75.4347543239672,TRUE
"b6bdf23193ad0930",2023-09-02,"1",49,TRUE,22.4,FALSE,75.9387035728581,TRUE
"8c593ccab5a1be37",2023-03-13,"1",47,TRUE,20.5,TRUE,68.55550551359,TRUE
"2be3b659f59e669c",2023-06-06,"1",46,TRUE,27,TRUE,82.3094201781319,TRUE
"77db382a34d74ce9",2023-10-14,"1",52,TRUE,15.4,TRUE,61.9934704137403,TRUE
"8c593ccab5a1be37",2023-06-18,"1",46,TRUE,21.3,TRUE,63.8335836657857,TRUE
"8bbdd523bdb3affb",2023-03-27,"1",49,FALSE,13.6,TRUE,66.2780099559286,TRUE
"8c593ccab5a1be37",2023-11-11,"1",54,TRUE,22.8,FALSE,80.0016841236387,TRUE
"1c45faa97ea2afc4",2023-05-04,"1",51,FALSE,22.2,TRUE,78.5840929120651,TRUE
"0d5ba6f763db4023",2023-05-17,"1",44,TRUE,18.7,TRUE,56.9986624583579,TRUE
"573d80c410f89b84",2023-10-30,"1",55,TRUE,12.9,TRUE,63.1140472893068,TRUE
"a132bcacf7d489cf",2023-04-27,"1",52,TRUE,20.7,TRUE,73.2493906921381,TRUE
"aa8ad063754f697a",2023-10-31,"1",51,TRUE,26.7,FALSE,87.3273089646853,TRUE
"888ca6468e58f50f",2023-03-28,"1",49,TRUE,5.9,TRUE,49.0449798111454,FALSE
"99e4fc59ff29a162",2023-12-13,"1",47,TRUE,17.2,TRUE,59.0170989616277,TRUE
"f79dd1c2ffe69995_test",2023-08-05,"0",18,FALSE,0,FALSE,0,FALSE
"51b4cc41fecc56fa",2023-08-12,"1",46,TRUE,16.2,TRUE,51.6899504428838,TRUE
"fd7760126c3009e6",2023-10-31,"1",44,TRUE,14.8,TRUE,49.4709217341405,FALSE
"f8dac8c8853d78d3_test",2023-07-30,"0",18,FALSE,0,FALSE,0,FALSE
"246bf33c3cf255b5",2023-08-19,"1",45,TRUE,16.1,TRUE,53.3276513719617,TRUE
"a5174a843a2bb995",2023-04-03,"1",52,TRUE,22.1,TRUE,79.2677391450609,TRUE
"38f2e6659d3cb6ad",2023-07-03,"1",47,TRUE,30.6,FALSE,85.4424716488604,TRUE
"1f32dbc4ce5f02df",2023-12-09,"1",53,TRUE,23,FALSE,81.4501812216997,TRUE
"0e2bd70de4fc3d5f",2023-03-18,"1",54,TRUE,15.9,TRUE,70.4054635709729,TRUE
"4039432c93d13a96",2023-07-28,"1",50,TRUE,16.9,TRUE,64.2149226641906,TRUE
"74e21dcb6dd69e8d",2023-08-01,"1",52,TRUE,14.9,TRUE,60.2423996329075,TRUE
"9b703a1faacacc55",2023-04-18,"1",51,FALSE,11.1,TRUE,63.8463854785476,TRUE
"48580d2fb76bce70",2023-09-28,"1",44,FALSE,17,TRUE,51.7089252417368,TRUE
"48de3b7b3e6c3f7d",2023-03-30,"1",53,TRUE,26.9,TRUE,90.5539298759526,TRUE
"5fddf18eb0f1b96b",2023-05-11,"1",53,TRUE,22.2,TRUE,80.9261365413368,TRUE
"8738491c27f29879",2023-04-27,"1",46,TRUE,11.8,FALSE,44.0488271993665,FALSE
"5acc862f8b6f7080",2023-08-13,"1",46,TRUE,24,TRUE,72.9346399639244,TRUE
"da6141e914373ba1",2023-06-07,"1",51,TRUE,26.4,TRUE,85.6656750835896,TRUE
"26d38a41cdd86aae",2023-08-22,"1",46,TRUE,19.7,TRUE,61.0108030013228,TRUE
"f0582fc33ed72ac6",2023-03-04,"1",51,TRUE,26.7,TRUE,86.5155016153087,TRUE
"1b2c5f410159307b",2023-04-10,"1",53,TRUE,21.8,FALSE,78.1854399623135,TRUE
"4039432c93d13a96",2023-09-14,"1",49,TRUE,23.3,TRUE,75.479228350278,TRUE
"68800673a2a55d6e",2023-12-01,"1",49,TRUE,19.2,TRUE,66.0692051357618,TRUE
"252296cf5b3c8611",2023-07-15,"1",47,TRUE,27,FALSE,80.344683325722,TRUE
"1c95619597760208",2023-05-31,"1",49,TRUE,19.9,TRUE,67.3232420359461,TRUE
"a264d5b374a35d93",2023-07-30,"1",48,TRUE,18.3,TRUE,62.5945117752002,TRUE
"4039432c93d13a96",2023-07-28,"1",60,FALSE,21.3,TRUE,92.4899811828141,TRUE
"939399b62ff34fbb",2023-11-22,"1",52,TRUE,18.5,TRUE,72.5910099598884,TRUE
"4f7b7fe2b4646139",2023-09-26,"1",55,TRUE,19.4,TRUE,74.2364366229048,TRUE
"2b267c25dd3ebaaf",2023-07-25,"1",48,FALSE,18.6,TRUE,74.7549346470752,TRUE
"cf9590984de65f86",2023-10-28,"1",49,TRUE,19,TRUE,66.5646234901878,TRUE
"57ce14277b3da0cf",2023-10-11,"1",61,TRUE,18,FALSE,83.44672559675,TRUE
"a2cda8f05a0f8d0e",2023-08-13,"1",47,TRUE,17.9,TRUE,58.7545110838774,TRUE
"d659dedcae78f6ca",2023-04-03,"1",47,TRUE,12.9,TRUE,51.575224982573,TRUE
"4e70e0ed871e710a",2023-10-24,"1",49,TRUE,23,FALSE,88.0316266878685,TRUE
"fd7760126c3009e6",2023-10-15,"1",54,TRUE,17.2,TRUE,70.9619552793045,TRUE
"fd7760126c3009e6",2023-03-01,"1",38,TRUE,18.7,FALSE,46.7858138677136,FALSE
"fd7760126c3009e6",2023-04-26,"1",58,TRUE,20.9,FALSE,85.5111113611033,TRUE
"fe0ca20ef46f24c4",2023-09-12,"1",46,TRUE,16.2,TRUE,56.0210393191581,TRUE
"8ad7c759fc49f8bd",2023-05-10,"1",45,TRUE,5,FALSE,40.1861632945945,FALSE
"583b56f1f53c551a",2023-07-20,"1",49,TRUE,17,TRUE,72.8690553497392,TRUE
"247dfd8faf318962",2023-03-10,"1",53,TRUE,22.4,TRUE,80.6975523763532,TRUE
"8658c690e4046c93",2023-05-08,"1",47,TRUE,18.9,TRUE,61.2127166583509,TRUE
"980aa8ee9ec174bd",2023-08-13,"1",42,TRUE,18,TRUE,51.204199362869,TRUE
"04725658de913cdb",2023-07-11,"1",48,TRUE,15.1,TRUE,59.6574312615451,TRUE
"d8658a0d66e1089f",2023-12-02,"1",51,TRUE,29.4,TRUE,92.2431072096879,TRUE
"b41bc387a1593889",2023-05-02,"1",53,TRUE,18.5,TRUE,73.5599056919803,TRUE
"4dccf39c74d767d1",2023-10-28,"1",55,TRUE,19.6,FALSE,75.2908772129059,TRUE
"207f4b7bc6e3a2b3",2023-04-04,"1",48,TRUE,16,TRUE,70.2125370108284,TRUE
"7e3cb88020ade1e9",2023-11-14,"1",56,TRUE,18.7,FALSE,76.768596152746,TRUE
"4a414401412e0da6",2023-09-17,"1",55,TRUE,31.7,TRUE,106.371803139964,TRUE
"f0b1c8923fb7035b",2023-05-30,"1",48,TRUE,20.6,TRUE,67.2536497141247,TRUE
"25e3ae52f1d14019",2023-12-10,"1",54,TRUE,15,TRUE,63.2542554580428,TRUE
"4039432c93d13a96",2023-10-05,"1",54,TRUE,21.1,TRUE,81.0896267524714,TRUE
"af549ee72e4f60c1",2023-03-17,"1",44,TRUE,24.6,TRUE,73.4751737450661,TRUE
"885c2e44480713c4",2023-03-20,"1",56,TRUE,10,TRUE,69.2430663452788,TRUE
"af58ff2bc5887da7",2023-05-15,"1",50,TRUE,24.6,TRUE,88.1321891746424,TRUE
"0917df6101514276",2023-05-27,"1",52,TRUE,16.1,TRUE,77.6280949485815,TRUE
"e2840abfae06922e",2023-08-05,"1",50,TRUE,13.4,FALSE,68.3969198750449,TRUE
"112134c364b104e4",2023-09-30,"1",47,TRUE,23.8,TRUE,74.7214364264975,TRUE
"be2a793598aa7e53",2023-08-26,"1",56,TRUE,12.3,TRUE,64.5756680685258,TRUE
"33327f40089c9a6d",2023-06-20,"1",55,TRUE,27.2,TRUE,96.356588291149,TRUE
"b04bf989638c1b25",2023-08-08,"1",46,TRUE,12.5,TRUE,56.8389639601757,TRUE
"6360a56f02b999fe",2023-06-14,"1",50,TRUE,15.7,TRUE,61.4081213465198,TRUE
"63ec1f2ac009d5a6",2023-07-13,"1",52,TRUE,17.9,TRUE,68.7539518854395,TRUE
"635066ff74635729",2023-03-25,"1",43,TRUE,20.7,TRUE,59.1599390621711,TRUE
"c5f601be6107b64f_test",2023-03-24,"0",18,FALSE,0,FALSE,0,FALSE
"c35bcb2a3539630a",2023-11-10,"1",52,TRUE,7.7,TRUE,45.0264218799676,FALSE
"b6419563c353bc24",2023-12-17,"1",49,TRUE,20.2,TRUE,69.3371012725776,TRUE
"6e6f7331a6857dfd",2023-11-19,"1",42,FALSE,19.6,TRUE,68.2978715566381,TRUE
"d415b68060eb29f2",2023-09-22,"1",44,TRUE,19,FALSE,58.4490700781693,TRUE
"7976ebc92eef374a",2023-07-23,"1",46,FALSE,21.6,TRUE,69.7330324939963,TRUE
"9a6d6c68659bd41c",2023-09-02,"1",51,TRUE,23.6,FALSE,79.0658475255425,TRUE
"281e8cc8a8cd2c89",2023-10-27,"1",43,TRUE,10.3,TRUE,45.3716660653641,FALSE
"7711193292078536",2023-07-23,"1",52,TRUE,29.7,TRUE,91.0445600859699,TRUE
"804ce956b3ddf9a6",2023-05-19,"1",54,TRUE,16.6,FALSE,67.5950047185597,TRUE
"b4379e6e6e9ef31d",2023-08-27,"1",48,TRUE,19.8,TRUE,65.7202320214558,TRUE
"4cae4f503c27a853",2023-03-25,"1",54,TRUE,29.4,TRUE,96.8880024336605,TRUE
"b7b8f52054e84341",2023-09-11,"1",54,TRUE,20.7,TRUE,78.7905793438365,TRUE
"b69cbbb7d73baf0f",2023-07-20,"1",50,TRUE,15.1,FALSE,68.6073712303618,TRUE
"77d5b03ed4432ff7",2023-04-25,"1",49,TRUE,13.7,TRUE,56.2906662649022,TRUE
"da8b691e39fd8c5f",2023-08-19,"1",49,TRUE,13.5,TRUE,55.7261773091272,TRUE
"2199161caab1319d",2023-08-30,"1",42,TRUE,12.4,TRUE,50.803515768812,TRUE
"fbf83ac76a2ac2fd",2023-10-24,"1",52,TRUE,13.3,TRUE,68.7068806392808,TRUE
"0fdf01ddcb6ff90c",2023-05-06,"1",51,TRUE,27.8,TRUE,90.5901349671158,TRUE
"4ea1b5a3ac035d25",2023-08-11,"1",49,TRUE,17.7,TRUE,65.209352352667,TRUE
"9c1280832b4b4933",2023-12-16,"1",39,FALSE,9.9,TRUE,40.2659616505314,FALSE
"ba3780cb2226216e",2023-04-08,"1",51,TRUE,23.9,TRUE,79.3063008538645,TRUE
"fc07d8964701efae",2023-09-04,"1",52,TRUE,21.4,FALSE,74.3904280764939,TRUE
"bca9c649320ad0a6",2023-11-03,"1",47,TRUE,20.6,TRUE,65.816218848257,TRUE
"815db8f7586b9842",2023-12-18,"1",54,FALSE,23.3,TRUE,92.5714165921754,TRUE
"3bb4af474e518bec",2023-12-10,"1",52,TRUE,25.6,TRUE,85.776700112214,TRUE
"8334ecd14a75bb3d",2023-03-12,"1",45,TRUE,26,TRUE,75.5851594935307,TRUE
"db9c3533f5a89ae8",2023-06-19,"1",46,TRUE,18.5,TRUE,62.6306860975456,TRUE
"62c0379b65402170",2023-07-15,"1",49,TRUE,19.3,FALSE,66.9734445554481,TRUE
"e80d191a19683681",2023-05-27,"1",46,TRUE,20.2,FALSE,61.3427869747554,TRUE
"963ac488d8ff8fbf",2023-09-11,"1",46,FALSE,16.2,TRUE,53.3356976806692,TRUE
"4039432c93d13a96",2023-07-09,"1",55,TRUE,13.7,TRUE,65.5954272274745,TRUE
"e6b7f6cbb587ec89",2023-08-01,"1",45,TRUE,21.6,TRUE,67.5311011422312,TRUE
"be24a7b2baffb679",2023-11-11,"1",51,TRUE,19.4,TRUE,72.1280349567646,TRUE
"87640b7c468189f6",2023-10-23,"1",44,TRUE,19.5,FALSE,60.7174178294317,TRUE
"ee3b4f97a3c22e15",2023-10-10,"1",50,TRUE,21.6,TRUE,83.5511030692227,TRUE
"00cc4d4ffdc08c49",2023-05-18,"1",52,TRUE,11.5,TRUE,64.7882882769091,TRUE
"aea56c75e1115ef0",2023-05-30,"1",54,TRUE,29.9,TRUE,99.0689303908387,TRUE
"0a7d20f6351722c9",2023-04-14,"1",46,TRUE,16.7,FALSE,56.6615386410846,TRUE
"dea826179f6734c1",2023-07-25,"1",47,TRUE,24.6,TRUE,73.2403249511637,TRUE
"ca58664683ddb311",2023-05-05,"1",54,TRUE,14.1,TRUE,64.1191089378466,TRUE
"3fd23cb8c82e3f47",2023-08-12,"1",52,TRUE,21.8,TRUE,77.7353274865579,TRUE
"e673c92d3fee29d2",2023-06-13,"1",49,TRUE,10.2,TRUE,59.3382678228606,TRUE
"67cf6be2ddc10c16",2023-11-08,"1",50,TRUE,16.6,FALSE,61.6359401191571,TRUE
"c8ed0f47c0c13b03",2023-08-25,"1",48,TRUE,13.9,TRUE,52.7782595436465,TRUE
"e9771a462df60872",2023-04-02,"1",53,FALSE,19.1,TRUE,76.2684647186287,TRUE
"69c65d9db3e1ea11",2023-05-21,"1",51,TRUE,23.9,TRUE,77.9001629707099,TRUE
"7f9f3e05fa082009",2023-05-01,"1",50,FALSE,13.5,TRUE,67.3788415489728,TRUE
"8f98b851a971aa3b",2023-06-09,"1",47,TRUE,18.2,TRUE,62.7774239789463,TRUE
"5f082b526dcc7198",2023-06-07,"1",51,TRUE,18.2,TRUE,66.9497500736806,TRUE
"541cb6a4ece68186",2023-04-25,"1",49,TRUE,23.4,TRUE,74.552055568888,TRUE
"9d0d583d568f62bc",2023-07-31,"1",43,TRUE,25.1,TRUE,70.3572980840175,TRUE
"bacf9c51e481c7fe",2023-08-14,"1",46,TRUE,8.7,TRUE,40.6280585462376,FALSE
"510022bbaccd987f",2023-03-14,"1",43,TRUE,16.5,FALSE,52.4434304083372,TRUE
"8393f603fd4c6bae",2023-04-30,"1",54,TRUE,24.6,FALSE,85.3431345765491,TRUE
"80a972e491b2d9a3",2023-05-13,"1",56,TRUE,21.5,FALSE,97.380258548725,TRUE
"02660bf2faca7ef8",2023-05-13,"1",59,FALSE,23.4,TRUE,90.6512746663215,TRUE
"c9c833aff3ebc9f7",2023-08-16,"1",59,TRUE,19.4,TRUE,82.1936122892629,TRUE
"ab66741a5ce3850b",2023-08-14,"1",47,TRUE,23.1,TRUE,71.6295049465015,TRUE
"bf0e1bbee2101967",2023-05-09,"1",45,TRUE,15.9,TRUE,64.201960538401,TRUE
"8334ecd14a75bb3d",2023-11-19,"1",48,TRUE,21.6,TRUE,71.6172856426474,TRUE
"bb356b9432092adf",2023-08-06,"1",55,TRUE,22.6,TRUE,84.5090758252312,TRUE
"78bcdedcd3821b94",2023-05-29,"1",46,TRUE,27.7,FALSE,81.2828880174334,TRUE
"dec8e0e0ee1660f9",2023-09-06,"1",47,TRUE,16.6,TRUE,69.8232624677904,TRUE
"af6f02aed73a7c53",2023-12-05,"1",47,TRUE,18.1,TRUE,60.6206920663785,TRUE
"8334ecd14a75bb3d",2023-12-18,"1",49,TRUE,20.5,TRUE,77.8228731328648,TRUE
"ce99165381c7dfa4",2023-05-23,"1",53,TRUE,16.2,TRUE,64.4794690020596,TRUE
"a9d8422d7da95fff",2023-03-11,"1",44,TRUE,13.8,TRUE,58.1591277555085,TRUE
"15b4570f8705858d_test",2023-10-27,"0",18,FALSE,0,FALSE,0,FALSE
"bc0c7400cfc212ed",2023-08-19,"1",43,TRUE,20.7,FALSE,60.5932013398904,TRUE
"34a87606466690b3",2023-07-10,"1",54,TRUE,19.1,TRUE,84.6549342340349,TRUE
"d4c8b5d2a3525517",2023-08-06,"1",53,FALSE,6.7,TRUE,55.2689663586771,TRUE
"4d8c2f45303552e4_test",2023-08-27,"0",18,FALSE,0,FALSE,0,FALSE
"b9932d2ae5598b1c",2023-04-04,"1",49,TRUE,15.2,TRUE,58.1558343656674,TRUE
"4237ba3d99997d52",2023-09-05,"1",54,TRUE,12.7,FALSE,59.928594662598,TRUE
"c1137573372255d9",2023-05-04,"1",52,TRUE,18.2,TRUE,69.2971965623534,TRUE
"9fa5b5d80b00fa30",2023-11-16,"1",45,TRUE,21.3,TRUE,65.5163077462688,TRUE
"69cf181a812b752b",2023-03-17,"1",60,TRUE,16.8,TRUE,82.6667257464487,TRUE
"8334ecd14a75bb3d",2023-04-12,"1",47,TRUE,22.9,TRUE,72.4830339280907,TRUE
"616ab6a3176a3096",2023-04-02,"1",46,TRUE,15.5,TRUE,54.3666969042679,TRUE
"b69ac5af2c0d174f",2023-05-21,"1",52,FALSE,24.3,TRUE,81.2417443172801,TRUE
"dfefb49bc4458f23",2023-05-06,"1",51,TRUE,20.6,TRUE,73.0086067685388,TRUE
"eba603ca50dcf939",2023-05-08,"1",51,TRUE,25.2,TRUE,91.2399496432485,TRUE
"cf84afd959dca526",2023-12-20,"1",44,TRUE,21.3,TRUE,63.9287805793251,TRUE
"3c0ce7bc792531a8",2023-09-24,"1",50,TRUE,19.2,TRUE,71.1098896900758,TRUE
"53b092021e17a495",2023-11-24,"1",52,TRUE,20.5,TRUE,74.0847555554811,TRUE
"aa6c7cb8a1a52224",2023-12-14,"1",59,TRUE,23.3,TRUE,91.3930150221403,TRUE
"4da471f294a3ec79",2023-11-10,"1",47,FALSE,15.2,TRUE,58.4156109463931,TRUE
"7132a146fe5ada79",2023-10-29,"1",53,TRUE,15.8,TRUE,64.0933179457899,TRUE
"b005a47405b6e57c",2023-08-25,"1",47,TRUE,24.6,TRUE,73.7935936137254,TRUE
"62d825e3afc95281",2023-07-16,"1",51,FALSE,20.7,TRUE,73.8713791252033,TRUE
"d703d1c34279847e",2023-05-17,"1",46,TRUE,7.2,TRUE,47.1054531019884,FALSE
"6b5e603cfa045081",2023-06-14,"1",42,TRUE,15.3,FALSE,47.0380128453343,FALSE
"f4e2c5cb6701660a",2023-11-02,"1",41,TRUE,20.2,FALSE,58.2738648303013,TRUE
"74efefab0fc64957",2023-06-06,"1",53,TRUE,25.8,FALSE,87.8897207850797,TRUE
"a6c3505bc07774db",2023-09-24,"1",50,TRUE,15.8,TRUE,71.6673709827032,TRUE
"3da47a399f9d003a",2023-07-02,"1",52,TRUE,20.4,TRUE,71.3186278877785,TRUE
"440032212d8d98af",2023-05-20,"1",42,TRUE,17.5,TRUE,52.9687550150814,TRUE
"2c0c721236619a59",2023-03-02,"1",49,TRUE,16.1,FALSE,61.6987804928904,TRUE
"d0ca7bc3d7d2110c",2023-09-23,"1",50,TRUE,16.8,TRUE,64.8698912046841,TRUE
"5252f68b3e2d1745",2023-05-30,"1",57,TRUE,22.5,TRUE,86.2041673241486,TRUE
"90b0df117c4434ff",2023-08-09,"1",47,TRUE,17.5,TRUE,59.3343020085543,TRUE
"33328faa79829337",2023-08-24,"1",53,TRUE,21.3,FALSE,77.4115029778187,TRUE
"6920a33f30ce22be",2023-12-18,"1",50,TRUE,19.2,TRUE,66.5954108398571,TRUE
"8334ecd14a75bb3d",2023-03-22,"1",54,TRUE,21.2,TRUE,77.0256370960313,TRUE
"4bd1cfb8b70b06ab",2023-10-11,"1",51,TRUE,24.3,TRUE,82.4065437855378,TRUE
"5f10543888bedb55",2023-11-14,"1",51,TRUE,24.7,TRUE,79.4754226226734,TRUE
"f0d5125482a8c98d",2023-05-17,"1",49,TRUE,20.3,TRUE,69.1614256226789,TRUE
"4064fe29a9dbf3d7",2023-10-16,"1",50,TRUE,9.8,TRUE,58.5844544993346,TRUE
"6f8d686cf195413f",2023-11-27,"1",50,TRUE,23.5,TRUE,75.7449377783255,TRUE
"c856e89890b8aefc_test",2023-05-13,"0",18,FALSE,0,FALSE,0,FALSE
"da01e8f3a4686399",2023-03-27,"1",49,TRUE,10,TRUE,57.7590724777692,TRUE
"78012b863dfa8215",2023-11-01,"1",53,TRUE,25.9,TRUE,87.7910083967469,TRUE
"ec7e1ae64288aca6",2023-11-20,"1",49,TRUE,24.7,TRUE,79.4776421614451,TRUE
"a6939d7a0161aacc",2023-06-07,"1",47,TRUE,16.8,TRUE,56.2262659654152,TRUE
"bf18b88a29c3a7b0",2023-10-12,"1",50,TRUE,32.5,TRUE,97.9574569042829,TRUE
"5f56d8312afcbe59",2023-08-13,"1",45,TRUE,-1.3,TRUE,26.7529617531474,FALSE
"e6ee9430014b5166",2023-08-23,"1",57,TRUE,22.8,TRUE,86.1075706500812,TRUE
"0faf68f56b4b00d9",2023-08-05,"1",60,TRUE,17.3,TRUE,81.0154132599972,TRUE
"10ee411828cc8840",2023-10-03,"1",50,TRUE,21.8,FALSE,71.4322369705551,TRUE
"7c765ff832855f22",2023-06-02,"1",50,TRUE,9.7,TRUE,57.0813256890971,TRUE
"55cf4363d5989cb5",2023-09-17,"1",46,TRUE,18.4,TRUE,60.1589945356739,TRUE
"7544a558436e6306",2023-12-18,"1",51,TRUE,16.9,FALSE,66.4292557532529,TRUE
"06e02e55e2e75531",2023-09-25,"1",54,TRUE,23.1,TRUE,82.8898954073095,TRUE
"a2ccdec0e8261296",2023-10-22,"1",53,TRUE,22.5,TRUE,81.2103288596075,TRUE
"f68910be46b2abea",2023-12-01,"1",50,TRUE,23.5,FALSE,77.3129253803887,TRUE
"549f5335bc2c9cc9",2023-06-06,"1",55,TRUE,20.9,TRUE,83.9965570274689,TRUE
"4b0c5bcfbb2ac0cf",2023-05-06,"1",57,TRUE,19.9,TRUE,79.4879155270159,TRUE
"a641395050f4234a",2023-11-09,"1",49,TRUE,14.3,TRUE,67.5978687153681,TRUE
"08abb6f3d123b69c",2023-11-28,"1",52,TRUE,29.4,TRUE,93.0564575376042,TRUE
"9a0c2f61628b70d4",2023-11-08,"1",55,TRUE,19.2,TRUE,88.1734377038572,TRUE
"9e2a2cfce2c86e4a",2023-09-19,"1",49,TRUE,19.6,TRUE,68.2053188496526,TRUE
"42389c331087b9dd",2023-03-08,"1",51,FALSE,27.7,TRUE,85.811049702748,TRUE
"35e2eca4e1e8799d",2023-08-14,"1",46,TRUE,22.4,TRUE,69.3415945641619,TRUE
"36f32d389d96cf94",2023-04-22,"1",46,FALSE,14.5,TRUE,62.9305909897702,TRUE
"d034cd794fff6a6b",2023-11-01,"1",40,TRUE,15.8,FALSE,42.7831420829989,FALSE
"8334ecd14a75bb3d",2023-07-29,"1",47,TRUE,21.2,FALSE,69.0588459978342,TRUE
"aa609fbe5477b666",2023-06-28,"1",48,TRUE,22.8,TRUE,71.096634882269,TRUE
"076f4328ed9d55f1_test",2023-03-19,"0",18,FALSE,0,FALSE,0,FALSE
"b14e347fa2035c95",2023-10-18,"1",46,TRUE,9.7,TRUE,50.7629568352124,TRUE
"8a92be901f4c3c69",2023-10-30,"1",50,TRUE,12.5,FALSE,56.2919801210702,TRUE
"240f0c7d85fd8a76",2023-11-21,"1",48,TRUE,15.8,FALSE,57.6523008640923,TRUE
"f015460c041cf237",2023-05-16,"1",48,TRUE,25.7,TRUE,77.0268295557249,TRUE
"ee6ce21f1bef4358",2023-06-16,"1",51,TRUE,22.7,TRUE,74.8011574406687,TRUE
"df5f5a343936ebc7",2023-06-10,"1",56,FALSE,10.5,TRUE,69.0967926194392,TRUE
"9fc725e02e9aa87c",2023-06-26,"1",45,TRUE,12.3,TRUE,42.4051478945543,FALSE
"7364c5e736998233_test",2023-12-20,"0",18,FALSE,0,FALSE,0,FALSE
"4b214cbd0a05a1e8",2023-09-04,"1",47,TRUE,15.2,FALSE,53.5514214997712,TRUE
"8462cfc3109aac90",2023-08-14,"1",45,TRUE,22.8,TRUE,69.0140901445616,TRUE
"952926db773932cb",2023-08-12,"1",53,TRUE,14.2,TRUE,62.5426322579425,TRUE
"4b0cc4e6a7464b69",2023-09-09,"1",45,TRUE,22.5,TRUE,64.9314278767132,TRUE
"ea0fa58ffd3a9093",2023-08-26,"1",46,TRUE,28.5,TRUE,81.5516548331924,TRUE
"b0e3d50702152d76",2023-08-31,"1",54,FALSE,3.6,TRUE,52.2007081576178,TRUE
"dc53740b004c6d80",2023-06-15,"1",50,TRUE,19.2,TRUE,66.7983980176198,TRUE
"7caa129fe0c1a897",2023-06-14,"1",56,TRUE,10.3,TRUE,69.4970091217939,TRUE
"ab7b0eea0fb61fcb",2023-08-13,"1",61,TRUE,25.2,TRUE,98.4175573355906,TRUE
"da69b46d568e52fa",2023-04-22,"1",51,TRUE,20.1,FALSE,71.1312030505922,TRUE
"77e0c12fe485b54a",2023-12-17,"1",53,FALSE,17,TRUE,79.0690508638414,TRUE
"b9384c801c0ec315",2023-04-30,"1",50,TRUE,21,TRUE,73.7305180948068,TRUE
"fcb065b402484dce",2023-11-23,"1",48,TRUE,16.6,TRUE,68.9683122201333,TRUE
"0d166c56116db670",2023-11-17,"1",47,TRUE,22.6,FALSE,67.9927158953348,TRUE
"de1d904d8e9775e8",2023-09-25,"1",54,TRUE,15.7,TRUE,68.0814048784246,TRUE
"dc35af8d99a9c2d2",2023-04-28,"1",53,TRUE,26.7,TRUE,89.0082890859273,TRUE
"d33402653a684e32",2023-06-15,"1",52,TRUE,27.8,FALSE,89.3577524694609,TRUE
"edb4ea08fc862076",2023-04-25,"1",54,TRUE,18.7,TRUE,73.8823409886793,TRUE
"029ed3bc6c0c23ce",2023-04-26,"1",45,TRUE,19.4,TRUE,60.9972690506727,TRUE
"fdf0278bcd3ed952",2023-07-04,"1",46,TRUE,10.1,TRUE,42.5781588258517,FALSE
"0e2525b204093129",2023-08-31,"1",51,TRUE,20.6,FALSE,72.1093417046069,TRUE
"5f0a77cde3d12d27",2023-10-15,"1",52,TRUE,9.8,TRUE,49.3269499986047,FALSE
"3f3b3c6cf7988f8a",2023-03-03,"1",55,TRUE,13.7,TRUE,75.0355184904438,TRUE
"c94efee63e884185",2023-11-08,"1",56,TRUE,12.8,TRUE,62.4575666126363,TRUE
"d72c46186c1aea5f",2023-06-29,"1",51,FALSE,11.2,TRUE,60.4358143699637,TRUE
"1c5b0e05e3c2bb89",2023-05-23,"1",46,FALSE,14,TRUE,60.6013165161408,TRUE
"928137d725624e50",2023-10-09,"1",45,TRUE,17.3,TRUE,68.4614194270685,TRUE
"36e19f02f71ba9ed",2023-03-14,"1",46,TRUE,27.5,TRUE,79.8871699668314,TRUE
"67eba527da76ba53",2023-06-06,"1",56,TRUE,18.8,TRUE,72.9617054186661,TRUE
"21b6c4a9700cac49",2023-11-18,"1",52,TRUE,19,TRUE,71.760659825175,TRUE
"21fd5f817e5397e5",2023-08-22,"1",56,TRUE,18.4,FALSE,75.930538649352,TRUE
"5710f54b917b7c5b",2023-04-07,"1",47,TRUE,17.5,TRUE,59.6196076150942,TRUE
"2f8500eca497c19e",2023-06-16,"1",50,FALSE,12.4,FALSE,66.4611612976021,TRUE
"9feb455a6c87f262",2023-10-30,"1",53,TRUE,23.2,TRUE,82.3410653652143,TRUE
"feab0955031969cd",2023-08-18,"1",51,TRUE,29.4,FALSE,91.585818741453,TRUE
"072d44446da24014",2023-04-18,"1",45,TRUE,27.1,TRUE,79.1395911238048,TRUE
"f75c3ab90c028d2b",2023-12-06,"1",44,TRUE,19.5,TRUE,57.4827876592281,TRUE
"05eb84f02dba7fdb",2023-05-13,"1",40,TRUE,24,TRUE,59.7341832262139,TRUE
"da208b069d74350a",2023-07-25,"1",53,TRUE,16.5,TRUE,68.0032880734557,TRUE
"2766a322df1d6bc4",2023-08-17,"1",52,FALSE,12.2,TRUE,57.5912993863672,TRUE
"d80e1ee27ce17f83",2023-09-17,"1",50,TRUE,22.5,FALSE,75.9133598349008,TRUE
"fcf5f35f206c7791",2023-05-30,"1",58,TRUE,22.4,TRUE,86.9971254950645,TRUE
"4c279e74cf8268a8",2023-05-11,"1",51,FALSE,22.7,TRUE,89.3272420832335,TRUE
"bee8b41695835cb9",2023-03-16,"1",48,TRUE,18.7,TRUE,65.0164669557536,TRUE
"8a47077db1833ef2",2023-05-11,"1",55,TRUE,11.3,TRUE,61.6614915356701,TRUE
"42ebe6ebbddb168d",2023-07-29,"1",54,TRUE,21.1,TRUE,79.5655512086752,TRUE
"dc1df9b616a71149",2023-09-29,"1",47,TRUE,12.6,TRUE,47.7832722206201,FALSE
"a8ef430e20c0bf32",2023-04-29,"1",50,TRUE,14.3,TRUE,59.2067385384452,TRUE
"beed6697eca9be70",2023-09-24,"1",54,TRUE,17.6,TRUE,72.05496093521,TRUE
"fb087d2d0ba626bc",2023-06-03,"1",54,TRUE,17.2,TRUE,71.9710932588468,TRUE
"cfc30983d057d2a5",2023-08-18,"1",49,TRUE,14,TRUE,53.8789796551492,TRUE
"bdd0c3e5349000bf",2023-09-01,"1",45,TRUE,19.8,TRUE,71.7379840111367,TRUE
"f3bb8f61787b54c5",2023-08-02,"1",57,TRUE,20.6,TRUE,84.7624394831582,TRUE
"25b109b7ca5d024c",2023-05-13,"1",51,TRUE,10.1,TRUE,61.9085466007499,TRUE
"dfbdbeb0fd154bf5",2023-07-24,"1",48,TRUE,15.3,TRUE,56.5344647956132,TRUE
"812ed233058c92af",2023-03-16,"1",49,TRUE,14.5,TRUE,53.4904039199187,TRUE
"d84c35b34e6f23ea",2023-09-16,"1",48,TRUE,16.7,FALSE,70.3937020333611,TRUE
"cacc6649b448773d",2023-05-24,"1",43,TRUE,24,TRUE,67.8499776188811,TRUE
"19332c47ebc98f76",2023-06-09,"1",49,FALSE,17.9,TRUE,63.8817478481301,TRUE
"dbebad1e51dad0e5",2023-07-29,"1",54,FALSE,20.3,TRUE,85.5801673193929,TRUE
"3e9c8b0004e2d360",2023-11-05,"1",59,FALSE,13.9,FALSE,81.2611347781784,TRUE
"0cf3782e011fb08b",2023-03-02,"1",48,FALSE,21,TRUE,69.0493542547883,TRUE
"3983ce346ee75528",2023-07-06,"1",49,TRUE,25,TRUE,82.3922725231592,TRUE
"afbe9759b371dd7c",2023-11-02,"1",53,TRUE,16.6,TRUE,64.6549838050258,TRUE
"81ee3aa75707216e",2023-10-20,"1",49,TRUE,20.6,TRUE,72.0304261046642,TRUE
"dd9909c04bdb4a50",2023-08-29,"1",48,TRUE,17.5,TRUE,72.2388860058508,TRUE
"5687f90a75460b0b",2023-07-03,"1",49,TRUE,18,FALSE,63.320373964155,TRUE
"3de2c802334d8b56",2023-05-12,"1",51,TRUE,20.7,FALSE,72.2491254578951,TRUE
"652c47b651eade75",2023-12-14,"1",41,TRUE,21.8,TRUE,58.2131680509682,TRUE
"bc35e58114297256",2023-06-17,"1",47,TRUE,20.7,TRUE,77.3700210583937,TRUE
"a07a30bf42deb3ea",2023-09-27,"1",51,TRUE,24.5,TRUE,81.0535513024132,TRUE
"7e3f01d846a82622",2023-08-08,"1",52,TRUE,17.8,TRUE,68.8365285659302,TRUE
"f561e2215fc9a051",2023-07-17,"1",46,FALSE,23.1,TRUE,71.7101904469496,TRUE
"7976ab4f26f6146c",2023-04-30,"1",48,TRUE,28.3,FALSE,83.1331730808297,TRUE
"6d34772ae451a437",2023-05-30,"1",43,TRUE,16.4,TRUE,53.5702770774938,TRUE
"63593e8a7b038a0b",2023-09-04,"1",52,TRUE,27.6,TRUE,90.2742781104262,TRUE
"8bb9be720bfad0aa_test",2023-09-24,"0",18,FALSE,0,FALSE,0,FALSE
"db16058ad77addc4",2023-04-20,"1",50,TRUE,15.1,TRUE,60.6427885687029,TRUE
"aff66bf01bdb2893",2023-05-26,"1",50,TRUE,20.5,FALSE,71.2904316956275,TRUE
"48369851972e390d",2023-08-15,"1",40,TRUE,12,TRUE,33.6084396240826,FALSE
"ce505c353bb6236a",2023-09-27,"1",56,TRUE,22.3,TRUE,82.3664937091683,TRUE
"568b8012138257ea",2023-10-22,"1",49,FALSE,9.5,TRUE,44.4381256216335,FALSE
"f05c459139f325e6",2023-12-14,"1",48,TRUE,16.2,TRUE,56.8063243670383,TRUE
"d25e7f0f4d01268d",2023-09-23,"1",50,TRUE,9.3,TRUE,59.5403695966997,TRUE
"9dfeb886f58fac77",2023-05-11,"1",52,TRUE,23.8,TRUE,85.6457919616026,TRUE
"0d9fdcdf6688b3cb",2023-03-06,"1",56,TRUE,14.8,TRUE,67.5520287031162,TRUE
"fe42264511b3b72b",2023-04-12,"1",52,TRUE,26.6,TRUE,88.5764368084162,TRUE
"33c0cb835df9e905",2023-10-08,"1",46,TRUE,16.4,TRUE,52.8722784586912,TRUE
"2caf7a6430c5f8a6",2023-08-27,"1",50,FALSE,14.1,TRUE,64.4401971283018,TRUE
"196fcc2480f9cb5c",2023-06-09,"1",50,TRUE,16.4,FALSE,60.0954675244623,TRUE
"0a59abb9a1fcf1b6",2023-11-10,"1",51,TRUE,25.2,TRUE,83.24842035151,TRUE
"35893124e8f1785d",2023-08-12,"1",54,TRUE,13.8,TRUE,61.4252380058648,TRUE
"e971c071f13c43e3",2023-10-05,"1",50,FALSE,23.4,TRUE,77.7090217975704,TRUE
"34764ef9d0b28eaf",2023-12-08,"1",47,TRUE,25.3,TRUE,76.7067355033302,TRUE
"3399b1ce34ead1c1",2023-08-24,"1",56,TRUE,18.8,TRUE,76.1351132278535,TRUE
"b91de08d330680a2",2023-07-23,"1",61,FALSE,8.5,TRUE,72.7806826966006,TRUE
"5e36a3f4b8831ccc",2023-05-01,"1",49,TRUE,24,FALSE,77.7072799743829,TRUE
"b9e028123ffa4d08",2023-06-27,"1",54,TRUE,9.7,TRUE,65.1971447617556,TRUE
"db53b5257f0b41a7",2023-03-26,"1",54,TRUE,15.6,FALSE,66.8326904971062,TRUE
"539a9c04f14315d4",2023-11-04,"1",54,TRUE,16.1,TRUE,66.98397375781,TRUE
"539952186867c6b8",2023-12-08,"1",48,TRUE,10.4,TRUE,56.0827006821118,TRUE
"6cd970fae98a4dcc",2023-05-21,"1",53,TRUE,28,FALSE,92.4017682952672,TRUE
"ce518dd05d46c60b",2023-07-09,"1",55,TRUE,22.9,TRUE,84.8280399765017,TRUE
"7056392b4f9d8506",2023-09-29,"1",62,FALSE,21.5,TRUE,91.874350211444,TRUE
"8249eb07110541ee",2023-08-08,"1",52,FALSE,12,TRUE,67.3269621561966,TRUE
"a686aec793bb07b3",2023-03-11,"1",50,TRUE,24.9,TRUE,83.2900279190591,TRUE
"35e2eca4e1e8799d",2023-03-13,"1",46,TRUE,14.6,TRUE,50.8096967275784,TRUE
"55fe7029c8689e5c",2023-06-17,"1",50,TRUE,18.8,TRUE,67.0605910641021,TRUE
"7af45bb125695741",2023-10-18,"1",53,TRUE,26.1,TRUE,87.3712136315485,TRUE
"5e5511165e36a933",2023-04-05,"1",53,FALSE,11,TRUE,64.9558081127607,TRUE
"00f9504f41a75310_test",2023-03-14,"0",18,FALSE,0,FALSE,0,FALSE
"86858aa1a550b1be",2023-05-08,"1",50,FALSE,11.5,FALSE,61.4583141191775,TRUE
"48c662d105fd3d0f",2023-09-01,"1",46,TRUE,13.6,TRUE,58.8679950026873,TRUE
"4b91eba0b618c2e9",2023-05-23,"1",52,FALSE,14.4,TRUE,72.4586039632332,TRUE
"d14fd7b98e271d66",2023-10-29,"1",50,TRUE,18.9,TRUE,68.6982992206887,TRUE
"76a6bb5695744838",2023-10-01,"1",55,TRUE,25.1,TRUE,91.6986845586572,TRUE
"ce5a6a92860e5461",2023-11-30,"1",51,FALSE,23.4,TRUE,77.096443199191,TRUE
"c55f4266bbf31b04",2023-08-22,"1",54,TRUE,24,FALSE,84.7614496198169,TRUE
"d678ea8ba41035b7",2023-11-04,"1",52,TRUE,24.4,TRUE,83.7654594342613,TRUE
"20598f7e9002c2c3",2023-06-10,"1",47,TRUE,26.7,TRUE,80.3312866207546,TRUE
"69ffdd764788fd55",2023-06-11,"1",44,TRUE,15.9,TRUE,63.0537150003999,TRUE
"acf9c26d33d95bc0",2023-04-11,"1",50,TRUE,22.2,TRUE,76.99972751999,TRUE
"62b451ee4d438504",2023-12-16,"1",59,TRUE,13.6,TRUE,80.163774262682,TRUE
"8aaa362bcf730e66",2023-05-27,"1",53,TRUE,19.8,TRUE,74.8531925309339,TRUE
"276fc11dee680acb",2023-04-26,"1",52,TRUE,18.1,TRUE,78.8517964342922,TRUE
"0ea8954a84bc6894",2023-04-18,"1",53,TRUE,18.2,TRUE,70.0733369806464,TRUE
"cd7a65635f9e2906",2023-05-20,"1",55,TRUE,19,TRUE,75.298191610111,TRUE
"f9aa99f570d55d25",2023-07-16,"1",57,TRUE,21.8,TRUE,84.9940126238001,TRUE
"507646f51308e3e5",2023-06-14,"1",54,TRUE,28.3,FALSE,92.7478536213116,TRUE
"4670d90c8fc6d288",2023-09-08,"1",55,TRUE,13.1,TRUE,62.5999520893146,TRUE
"5c2f5bf5c3dbcc00",2023-07-19,"1",54,FALSE,11.2,TRUE,72.9645036931239,TRUE
"40304168e06b24c1",2023-05-30,"1",56,TRUE,22.4,FALSE,84.5205765714179,TRUE
"a4d4a64c302df348",2023-06-24,"1",55,TRUE,16.3,TRUE,82.0838690155548,TRUE
"340f9756c61624c0",2023-08-12,"1",44,TRUE,12.4,TRUE,43.4900137193087,FALSE
"daf3f7a902a9b366",2023-06-29,"1",47,FALSE,16.1,TRUE,55.6896062403737,TRUE
"fce12484d1151865",2023-07-15,"1",49,TRUE,10.3,TRUE,57.0851517205792,TRUE
"383b5017dd70b3f1",2023-07-19,"1",50,TRUE,18.7,TRUE,69.5039777931517,TRUE
"f0345604b4b46551",2023-03-01,"1",58,TRUE,21.3,TRUE,98.2826601701566,TRUE
"de99cad47e29ff0f",2023-04-07,"1",52,TRUE,20.6,TRUE,71.1840199178554,TRUE
"a189725dcc98ee61",2023-09-27,"1",54,TRUE,13.7,TRUE,76.3439329121082,TRUE
"61b469d777276a94",2023-06-17,"1",49,TRUE,31.9,TRUE,92.7259134827315,TRUE
"9ac292ee2649c876",2023-11-30,"1",51,TRUE,17.6,TRUE,64.3849986846726,TRUE
"fc6bedc11bcd1881",2023-04-06,"1",49,TRUE,21.5,FALSE,70.3666737392194,TRUE
"07e083cd2bab43e6",2023-05-02,"1",49,TRUE,13.8,TRUE,64.6616259916971,TRUE
"4192f5bf6bc20359",2023-12-08,"1",57,TRUE,14.6,TRUE,71.66281903271,TRUE
"e0324dc8076875be",2023-03-22,"1",51,TRUE,22,TRUE,77.9973586277228,TRUE
"e408a7eeede3a69e",2023-05-16,"1",51,TRUE,16.3,TRUE,66.8088671072882,TRUE
"7eaacbebe28fa76a",2023-03-14,"1",50,TRUE,23.7,TRUE,78.2025344401092,TRUE
"e8b6de0c885978d3",2023-06-18,"1",48,TRUE,16.9,TRUE,60.8840705529219,TRUE
"f72e762bbe64c900",2023-04-23,"1",49,TRUE,19.1,TRUE,67.9489575325015,TRUE
"cefbc9de6a7467af",2023-04-21,"1",45,TRUE,15.3,TRUE,55.4722743426609,TRUE
"ef8237120f6ae661",2023-07-26,"1",50,TRUE,17.4,FALSE,66.0123595735476,TRUE
"ea4b9ae8eba96448",2023-03-08,"1",47,TRUE,21.3,TRUE,68.635309327163,TRUE
"8d537f6eccbe3279",2023-10-21,"1",55,TRUE,9.8,TRUE,56.6264311750853,TRUE
"bcc1b6d48268a9c6",2023-07-08,"1",56,TRUE,14.9,TRUE,68.4049887199969,TRUE
"88b2e8badbeda5d9",2023-07-20,"1",45,TRUE,20.8,FALSE,66.3169472489296,TRUE
"3e22e1702d734688",2023-09-18,"1",45,TRUE,10.2,FALSE,47.9772473540857,FALSE
"e7ebb907a9309501",2023-08-28,"1",48,TRUE,19.8,TRUE,78.2246824616669,TRUE
"ef59c122f0344f79",2023-10-20,"1",50,TRUE,15.4,FALSE,60.5520861177098,TRUE
"17d4271f3aa52b23",2023-11-08,"1",51,TRUE,11,TRUE,61.552119601996,TRUE
"b873ace8db732087",2023-09-08,"1",53,FALSE,14.3,TRUE,73.8749681207751,TRUE
"942d83a7cbe3b9ac",2023-06-02,"1",46,TRUE,18.6,TRUE,60.6044404535964,TRUE
"f2228a028d0a7122",2023-09-18,"1",51,TRUE,18.7,FALSE,69.7651028274637,TRUE
"d5f68a4df3ba2dc3",2023-04-16,"1",47,TRUE,21.5,TRUE,70.1101366885303,TRUE
"489ef2f0da2650d2",2023-03-12,"1",48,TRUE,23.2,TRUE,72.0246234936813,TRUE
"c7e4b4f7aecfa9bb",2023-03-18,"1",52,TRUE,10.3,TRUE,53.9345975172297,TRUE
"0a57fbc82477492d",2023-04-12,"1",50,FALSE,20,TRUE,81.7693365143531,TRUE
"72bc79f74ba3c1c2",2023-07-03,"1",53,TRUE,21.6,TRUE,90.5840249972505,TRUE
"0a2ffa9bd1083f40",2023-04-10,"1",47,TRUE,15.4,FALSE,57.3769500369651,TRUE
"f2d33689b52d29e3",2023-11-19,"1",50,TRUE,10.3,TRUE,49.0600823489525,FALSE
"05fc3e5d1d488e8b",2023-10-13,"1",49,FALSE,7,TRUE,50.5286091914744,TRUE
"8d20e214c286485f",2023-03-10,"1",54,TRUE,10.1,TRUE,55.3083208252733,TRUE
"d7b365074e4dfcd8",2023-09-19,"1",50,FALSE,16.9,FALSE,73.8649091526228,TRUE
"6f1adadf32f3c348",2023-06-14,"1",47,TRUE,22.7,TRUE,70.4581055803194,TRUE
"f5538ae58a4156d0",2023-08-23,"1",53,TRUE,27.3,TRUE,91.8064711153838,TRUE
"ab90a13acd27d389",2023-07-26,"1",52,TRUE,15.8,FALSE,76.9598757813686,TRUE
"1c9936ec89572c2a",2023-10-09,"1",53,TRUE,24.3,TRUE,85.504576067362,TRUE
"44807a90dc076f4b",2023-05-28,"1",51,TRUE,16.8,FALSE,65.7173266806715,TRUE
"e4fa94fb150a7020",2023-09-18,"1",47,TRUE,14.7,TRUE,53.6539338344455,TRUE
"462eff50bde35c14",2023-06-26,"1",44,TRUE,21.2,TRUE,62.73182278791,TRUE
"e150f99838d33135",2023-06-23,"1",54,TRUE,16.8,TRUE,80.0332315666828,TRUE
"e4bad77f5174a9a9",2023-04-01,"1",54,TRUE,9.3,TRUE,52.6264121064457,TRUE
"77f01199d763c4f8",2023-06-08,"1",50,TRUE,25,TRUE,80.8475038633035,TRUE
"8e9252b04dfe2d6b",2023-04-17,"1",40,TRUE,16.5,TRUE,46.5064583081281,FALSE
"01bd66627276021b",2023-05-18,"1",50,TRUE,14.7,TRUE,66.8874373348225,TRUE
"4e30055903461bfa",2023-10-01,"1",53,TRUE,14.7,TRUE,64.9666021627759,TRUE
"83374213a630edda",2023-03-11,"1",48,TRUE,24.1,TRUE,73.0968257422007,TRUE
"92af07c60383496e",2023-10-20,"1",51,TRUE,18.1,TRUE,67.4866316217868,TRUE
"dddddbc7175a9ffa",2023-10-12,"1",46,TRUE,13.3,FALSE,49.9473765369586,FALSE
"accca7fb97d91966",2023-03-19,"1",52,TRUE,21.9,TRUE,76.061125999433,TRUE
"9cd0e05f18e818b7",2023-05-02,"1",45,TRUE,11.5,TRUE,42.9693940544968,FALSE
"0c2dfb86aec00580",2023-06-15,"1",48,FALSE,19.3,TRUE,64.9065851169273,TRUE
"31d1dc01987e9985",2023-07-05,"1",55,TRUE,19.7,TRUE,78.9595874872014,TRUE
"911f3c28754537c8",2023-10-21,"1",49,TRUE,34.1,TRUE,99.0939844824434,TRUE
"4c350bbacf212966",2023-09-08,"1",56,FALSE,23,TRUE,87.408781773868,TRUE
"c4b348081288b9b6",2023-06-17,"1",51,FALSE,8.6,TRUE,60.3919352017114,TRUE
"1bb9a16206307964",2023-03-17,"1",55,TRUE,21.7,FALSE,83.2655585394869,TRUE
"e4059b8d63a95821",2023-04-24,"1",50,FALSE,18.8,FALSE,67.2086690069444,TRUE
"a6bf240f7851f86b",2023-06-18,"1",53,FALSE,21.3,FALSE,76.4998433186586,TRUE
"1c1befcaf5fb7b86",2023-11-03,"1",52,TRUE,12.3,TRUE,53.564297719276,TRUE
"267a4523fc28ec15",2023-05-31,"1",48,TRUE,27.9,TRUE,84.652207456928,TRUE
"a2de8b114ad59bad",2023-07-28,"1",56,TRUE,23.1,FALSE,86.5966427132355,TRUE
"abc77318f426e3ed",2023-11-05,"1",54,TRUE,18.5,TRUE,72.0238976006094,TRUE
"6e08fed61577b62c",2023-09-07,"1",47,TRUE,10.8,TRUE,41.3625124725232,FALSE
"cde33a741e859330",2023-05-08,"1",55,TRUE,21.6,TRUE,81.5833410509617,TRUE
"a89832a8eaa75dee",2023-10-02,"1",48,TRUE,13.2,FALSE,53.1171033831256,TRUE
"910c3d75d35a525d",2023-09-20,"1",40,FALSE,8,TRUE,40.2592174387417,FALSE
"832dfca269058330",2023-12-07,"1",49,TRUE,22.8,TRUE,75.7499697970967,TRUE
"d03c9f299e0a31ae",2023-07-29,"1",46,TRUE,24,TRUE,72.6525835848677,TRUE
"f6b15f25b514faa1",2023-06-17,"1",48,TRUE,18.7,FALSE,62.9139709271769,TRUE
"1e7bd23d26bddda3",2023-03-12,"1",48,TRUE,11.2,TRUE,47.2955500212344,FALSE
"f7566fa73fa62924",2023-07-24,"1",40,TRUE,8.5,TRUE,28.9517929247747,FALSE
"0f3311c437de4ce0",2023-03-07,"1",48,FALSE,8,FALSE,50.743173431862,TRUE
"044c0e7448191144",2023-11-27,"1",54,TRUE,16.7,TRUE,68.415409529316,TRUE
"35e2eca4e1e8799d",2023-03-06,"1",43,TRUE,10.7,FALSE,48.8204700556272,FALSE
"0567e2c686bff6e6",2023-07-25,"1",56,TRUE,16.6,FALSE,82.7502459795679,TRUE
"514967cac011de08",2023-10-28,"1",56,TRUE,16.7,TRUE,69.8213498679207,TRUE
"5faacee8913320c1",2023-12-05,"1",46,TRUE,22,FALSE,68.0537739077525,TRUE
"11e72159b7c3a39c",2023-12-02,"1",59,TRUE,26.6,TRUE,98.1487453670242,TRUE
"3bc8c5da74259a68",2023-08-22,"1",46,TRUE,18.3,FALSE,58.7002117538964,TRUE
"faa286e37aacc6c5",2023-12-09,"1",51,TRUE,12.4,TRUE,56.345364328016,TRUE
"670883d5c4fac44a",2023-04-19,"1",48,TRUE,13.9,FALSE,54.9513564790729,TRUE
"85ff97c28f2d202a",2023-07-04,"1",55,TRUE,23.2,TRUE,85.3207241852242,TRUE
"f7717684e774ce74",2023-03-06,"1",45,FALSE,12.7,FALSE,44.5710625733673,FALSE
"b21bd163b1ae4193",2023-08-11,"1",48,TRUE,23.9,FALSE,85.4192647819548,TRUE
"3dbea3a1aa0ff172",2023-03-21,"1",44,TRUE,19.9,FALSE,64.9558131652467,TRUE
"34239075c3bfd539",2023-09-05,"1",53,TRUE,25.9,TRUE,84.9807075459151,TRUE
"41ce9e02cda558c1",2023-03-01,"1",52,TRUE,16.4,TRUE,63.8868798677743,TRUE
"b4cba0acc7f4cbdc",2023-11-12,"1",49,TRUE,16.9,TRUE,62.2364452089313,TRUE
"2f7cc3a6ec20134d",2023-03-15,"1",47,TRUE,16.5,TRUE,70.1280621943399,TRUE
"6413282289cc14b7",2023-10-04,"1",46,TRUE,19.1,TRUE,62.5895030869736,TRUE
"35e2eca4e1e8799d",2023-08-02,"1",50,TRUE,22.6,FALSE,78.5109190264584,TRUE
"93b5d737179bd948",2023-06-29,"1",44,TRUE,19.6,TRUE,58.9250466451321,TRUE
"ec725aa7c34b867c",2023-04-02,"1",58,TRUE,18.4,FALSE,79.8102905361341,TRUE
"2c1c1a89b4c7defa",2023-10-19,"1",46,TRUE,28.3,TRUE,80.7156526614239,TRUE
"78c3d07675758982",2023-09-06,"1",50,TRUE,17.7,TRUE,73.2779000919364,TRUE
"754340d8806966b6",2023-10-15,"1",48,TRUE,8.3,TRUE,40.5315699562322,FALSE
"3e53096280648f8a",2023-09-14,"1",49,TRUE,23.4,FALSE,76.6318486913697,TRUE
"4f28c503c18a56d7",2023-04-25,"1",50,TRUE,16.1,TRUE,61.3381239818643,TRUE
"81362e183d05c9b6",2023-08-17,"1",52,TRUE,15.4,TRUE,75.2106694873569,TRUE
"833b6f7aaac4042d",2023-03-08,"1",47,TRUE,26.5,FALSE,80.1604871859618,TRUE
"2eb650b9f50690dd",2023-08-15,"1",46,TRUE,28.3,TRUE,82.1522827565013,TRUE
"23b184b17c77d8a6",2023-08-14,"1",53,TRUE,10.2,TRUE,53.9798249825773,TRUE
"fcabaf6b91ca3fa0",2023-03-11,"1",58,TRUE,13.2,TRUE,66.5466638268212,TRUE
"bff25b9594a51d3c",2023-10-20,"1",53,TRUE,22.2,TRUE,79.0684856134505,TRUE
"35e2eca4e1e8799d",2023-08-25,"1",52,TRUE,11.2,TRUE,66.2400957987812,TRUE
"e25af7987f067002",2023-07-21,"1",51,TRUE,17.4,TRUE,67.2694893564397,TRUE
"1f40737d0a2721b5",2023-10-25,"1",50,TRUE,25.6,TRUE,84.8319757142464,TRUE
"ea4a503a1c2105b1",2023-05-22,"1",42,TRUE,13,FALSE,53.1891214833673,TRUE
"14da8d0e5517d5e0",2023-05-26,"1",52,TRUE,13.8,TRUE,60.3181055570709,TRUE
"8ca1a609afb01795",2023-06-27,"1",48,FALSE,13.3,TRUE,63.6405580207529,TRUE
